St. Louis,USA
Paris,FRA
Athens,GRE
London,GBR
Lake Placid,USA
Innsbruck,AUT
Rio de Janeiro,BRA
Moscow,URS
Munich,WGE
St. Moritz,SUI
Amsterdam,NED
Sapporo,JPN
Stockholm,SWE
Los Angeles,USA
Helsinki,FIN
Squaw Valley,USA
Berlin,GER
Vancouver,CAN
Calgary,CAN
Tokyo,JPN
Sydney,AUS
Seoul,KOR
Grenoble,FRA
Atlanta,USA
Melbourne,AUS
Salt Lake City,USA
Garmisch-Partenkirchen,AUT
Cortina d'Ampezzo,ITA
Sochi,RUS
Montreal,CAN
Rome,ITA
Antwerp,NED
Oslo,NOR
Mexico City,MEX
Barcelona,ESP
Nagano,JPN
Beijing,CHN
Lillehammer,NOR
Albertville,FRA
Turin,ITA
Sarajevo,YUG
Chamonix,FRA
