St. Louis,United States of America
Paris,France
Athens,Greece
London,United Kingdom
Lake Placid,United States of America
Innsbruck,Austria
Rio de Janeiro,Brazil
Moscow,Soviet Union
Munich,West Germany
St. Moritz,Switzerland
Amsterdam,Netherlands
Sapporo,Japan
Stockholm,Sweden
Athens,Greece
Innsbruck,Austria
Los Angeles,United States of America
Helsinki,Finland
Squaw Valley,United States of America
Berlin,Germany
Vancouver,Canada
Calgary,Canada
Tokyo,Japan
St. Moritz,Switzerland
Sydney,Australia
Seoul,South Korea
Grenoble,France
Atlanta,United States of America
Athens,Greece
Melbourne,Australia
Salt Lake City,United States of America
Garmisch-Partenkirchen,Austria
Paris,France
Cortina d'Ampezzo,Italy
Sochi,Russia
Lake Placid,United States of America
Montreal,Canada
Rome,Italy
London,United Kingdom
Antwerp,Netherlands
Oslo,Norway
Mexico City,Mexico
Barcelona,Spain
Nagano,Japan
Beijing,China
Lillehammer,Norway
Albertville,France
London,United Kingdom
Turin,Italy
Sarajevo,Yugoslavia
Los Angeles,United States of America
Chamonix,France
