teamID, name
1,Nikolay Morilov
1,Alexey Petukhov
5,Dara Torres
5,Amy Van Dyken
5,Courtney Shealy
5,Jenny Thompson
23,Romina Laurito
23,Elisa Blanchi
23,Anzhelika Savrayuk
23,Andreea Stefanescu
23,Elisa Santoni
23,Marta Pagnini
37,Ksenia Dudkina
37,Anastasia Bliznyuk
37,Karolina Sevastyanova
37,Uliana Donskova
37,Anastasia Nazarenko
37,Alina Makarenko
49,Jake Wetzel
49,Adam Kreek
49,James Andrew Byrnes
49,Malcolm Howard
49,Kevin Light
49,Ben Rutledge
49,Dominic Seiterle
49,Kyle Hamilton
51,Luisa Cervera
51,Cecilia Tait
51,Gina Torrealva
51,Cenaida Uribe
51,Miriam Gallardo
51,Sonia Heredia
51,Rosa Garcia
51,Katherine Horny
51,Natalia Malaga
51,Denisse Fajardo
51,Alejandra de la Guerra
51,Gabriela Pérez del Solar
60,Andreas Helgstrand
60,Anne van Olst
60,Princess Nathalie of Sayn-Wittgenstein-Berleburg
68,Heike Kemmer
68,Nadine Capellmann
68,Isabell Werth
69,Víctor Claver
69,José Calderón
69,Víctor Sada
69,Serge Ibaka
69,Fernando San Emeterio
69,Rudy Fernández
69,Marc Gasol
69,Sergio Rodríguez
69,Juan Carlos Navarro
69,Felipe Reyes
69,Pau Gasol
69,Sergio Llull
77,Ryan Lochte
77,Michael Phelps
77,Peter Vanderkaay
77,Erik Vendt
77,David Walters
77,Klete Keller
77,Ricky Berens
151,Andrew Nicholson
151,Jonathan Paget
151,Jonelle Richards
151,Caroline Powell
151,Mark Todd
174,Sophie Hosking
174,Katherine Copeland
190,Tatiana Ortiz
190,Paola Espinosa
245,Fang Yuting
245,Cheng Ming
245,Xu Jing
263,Rebecca Ward
263,Mariel Zagunis
263,Sada Jacobson
268,Nick Ffrost
268,Leith Brodie
268,Grant Hackett
268,Grant Brits
268,Kirk Palmer
268,Patrick Murphy
274,Wang Xin
274,Chen Ruolin
276,Kevin Kuske
276,Enrico Kühn
276,Carsten Embach
276,André Lange
301,Rare? Dumitrescu
301,Florin Zalomir
301,Tiberiu Dolniceanu
301,Alexandru Siriteanu
341,Huang Wenyi
341,Xu Dongxiang
343,Cai Yun
343,Fu Haifeng
345,Axel Teichmann
345,Tim Tscharnke
347,Christina Giazitzidou
347,Alexandra Tsiavou
357,Frederick Pollard
357, Jr.
387,Hermann Martens
387,Max Götze
387,Rudolf Katzer
387,Karl Neumer
407,Briony Cole
407,Melissa Wu
420,Leonard Meredith
420,Clarence Kingsbury
420,Benjamin Jones
420,Ernest Payne
423,Vasileios Polymeros
423,Dimitrios Mougios
440,Doug Sharp
440,Mike Kohn
440,Brian Shimer
440,Dan Steele
454,Halyna Pundyk
454,Olha Zhovnir
454,Olga Kharlan
454,Olena Khomrova
484,Petter Northug
484,Øystein Pettersen
492,Ruthie Bolton
492,Nikki McCray
492,Sheryl Swoopes
492,Dawn Staley
492,Lisa Leslie
492,Yolanda Griffith
492,Teresa Edwards
492,Kara Wolters
492,DeLisha Milton-Jones
492,Chamique Holdsclaw
492,Katie Smith
492,Natalie Williams
536,Mark Hunter
536,Zac Purchase
563,Dimitrij Ovtcharov
563,Bastian Steger
563,Timo Boll
581,Hans Peter Minderhoud
581,Imke Bartels
588,Kaori Kawanaka
588,Ren Hayakawa
588,Miki Kanie
589,Kristina Cook
589,Zara Phillips
589,Mary King
589,Nicola Wilson
589,William Fox-Pitt
591,Hendra Setiawan
591,Markis Kido
593,Luigi Samele
593,Aldo Montano
593,Luigi Tarantino
593,Diego Occhiuzzi
595,Lee Jae-jin
595,Hwang Ji-man
601,Klete Keller
601,Scott Goldblatt
601,Josh Davis
601,Jamie Rauch
607,Bao Yingying
607,Tan Xue
607,Ni Hong
607,Huang Haiyang
608,Lee Kyung-won
608,Lee Hyo-jung
633,Elena Ovchinnikova
633,Elena Volkova
633,Tatyana Sidorenko
633,Valentina Ogienko
633,Olga Krivosheeva
633,Irina Perkhomchuk
633,Svetlana Korytova
633,Marina Nikulina
633,Olga Shkurnova
633,Tatyana Krainova
633,Marina Kumysh
633,Irina Smirnova
695,Matthew Langridge
695,Josh West
695,Tom Stallard
695,Tom Lucy
695,Colin Smith
695,Alex Partridge
695,Alastair Heathcote
695,Acer Nethercott
695,Richard Egington
734,Yu Yang
734,Du Jing
747,Bill Schuffenhauer
747,Randy Jones
747,Garrett Hines
747,Todd Hays
834,Joo Se Hyuk
834,Ryu Seung Min
834,Oh Sang Eun
837,Rasmus Quist
837,Mads Rasmussen
888,Wilma van Hofwegen
888,Thamar Henneken
888,Inge de Bruijn
888,Manon van Rooijen
890,Zhang Yawen
890,Wei Yili
899,Evgeniy Lagunov
899,Danila Izotov
899,Nikita Lobintsev
899,Mikhail Polishchuk
899,Alexander Sukhorukov
910,Anthony Davis
910,LeBron James
910,Carmelo Anthony
910,Deron Williams
910,Kevin Durant
910,Kevin Love
910,Tyson Chandler
910,Chris Paul
910,Russell Westbrook
910,James Harden
910,Kobe Bryant
910,Andre Iguodala
912,Won Woo-Young
912,Oh Eun-Seok
912,Kim Jung-Hwan
912,Gu Bon-Gil
930,Pieter van den Hoogenband
930,Martijn Zuijdweg
930,Johan Kenkhuis
930,Marcel Wouda
936,Ma Long
936,Zhang Jike
936,Wang Hao
955,Hong Zhao
955,Dan Wu
955,Hou Yuzhu
955,Yang Xiaojun
955,Yong-Mei Cui
955,Su Huijuan
955,Yue-Ming Li
955,Zheng Meizhu
955,Guo-Jun Li
955,Yang Xilan
955,Jiang Ying
955,Ya-Jun Wang
963,Ki Bo-Bae
963,Choi Hyeonju
963,Lee Sung Jin
1006,Anna-Karin Kammerling
1006,Therese Alshammar
1006,Johanna Sjöberg
1006,Louise Jöhncke
1008,Anastasia Ivankova
1008,Nataliya Leshchyk
1008,Ksenia Sankovich
1008,Maryna Hancharova
1008,Alina Tumilovich
1010,Dirk Schrade
1010,Sandra Auffarth
1010,Michael Jung
1010,Peter Thomsen
1010,Ingrid Klimke
1021,Sasha Kaun
1021,Anton Ponkrashov
1021,Timofey Mozgov
1021,Andrei Kirilenko
1021,Sergei Monia
1021,Alexey Shved
1021,Semen Antonov
1021,Dmitri Khvostov
1021,Viktor Khryapa
1021,Evgeny Voronov
1021,Vitaly Fridzon
1021,Sergey Karasev
1054,Ian Thorpe
1054,Michael Klim
1054,Todd Pearson
1054,Bill Kirby
1072,Shoji Setoyama
1072,Kazuyuki Takao
1082,Matt Targett
1082,Leith Brodie
1082,Andrew Lauterstein
1082,Eamon Sullivan
1082,Ashley Callus
1082,Patrick Murphy
1105,Eric Sato
1105,Nick Becker
1105,Douglas Partie
1105,Daniel Robert Greenbaum
1105,Steve Timmons
1105,Bryan Ivie
1105,Scott Fortune
1105,Bob Ctvrtlik
1105,Brent Hilliard
1105,Carlos Briceno
1105,Jeff Stork
1105,Bob Samuelson
1115,Darius Kasparaitis
1115,Sergei Fedorov
1115,Andrei Trefilov
1115,Sergei Gonchar
1115,Aleksey Morozov
1115,Sergei Krivokrasov
1115,Sergei Nemchinov
1115,Alexei Zhitnik
1115,Igor Kravchuk
1115,Valeri Bure
1115,Oleg Shevtsov
1115,Pavel Bure
1115,Alexei Zhamnov
1115,Alexei Gusarov
1115,Boris Mironov
1115,Andrei Kovalenko
1115,German Titov
1115,Dmitri Mironov
1115,Alexei Yashin
1115,Dmitri Yushkevich
1115,Mikhail Shtalenkov
1115,Valeri Kamensky
1134,Muchammad Nurmufid
1134,Markoji Markoji
1135,Karch Kiraly
1135,Kent Steffes
1167,Francisco Alvarez
1167,Juan Rossell
1228,Roberto Lopes
1228,Franco Neto
1229,Taylor Ritzel
1229,Mary Whipple
1229,Meghan Musnicki
1229,Erin Cafaro
1229,Susan Francia
1229,Caroline Lind
1229,Caryn Davies
1229,Esther Lofgren
1229,Elle Logan
1243,Vladimir Bure
1243,Georgi Kulikov
1243,Igor Grivennikov
1243,Viktor Mazanov
1257,Gary Hall
1257, Jr.
1257,Anthony Ervin
1257,Neil Walker
1257,Jason Lezak
1279,Jan Kvalheim
1279,Bjørn Maaseide
1282,Jodie Henry
1282,Alice Mills
1282,Sarah Ryan
1282,Petria Thomas
1282,Libby Lenton
1293,Hinrich Romeike
1293,Ingrid Klimke
1293,Peter Thomsen
1293,Frank Ostholt
1293,Andreas Dibowski
1297,Inge Dekker
1297,Marleen Veldhuis
1297,Annabel Kosten
1297,Inge de Bruijn
1297,Chantal Groot
1325,Gustaf Adolf Boltenstern
1325, Jr.
1332,Jan Posthuma
1332,Avital Selinger
1332,Peter Blangé
1332,Martin Teffer
1332,Ronald Zoodsma
1332,Marko Klok
1332,Ron Zwerver
1332,Martin van der Horst
1332,Olof van der Meulen
1332,Edwin Benne
1332,Henk-Jan Held
1332,Ron Boudrie
1333,Grégory Mallet
1333,Amaury Leveaux
1333,Jérémy Stravius
1333,Yannick Agnel
1333,Clement Lefert
1335,Eddie Drakich
1335,Marc Dunn
1345,Shirley Babashoff
1345,Lelei Fonoimoana
1345,Camille Wright
1345,Linda Jezek
1345,Wendy Boglioli
1345,Lauri Siering
1355,Dai Jun
1355,Li Yunqi
1355,Hao Yun
1355,Sun Yang
1355,Lu Zhiwu
1355,Jiang Haiqi
1359,Julien Prosser
1359,Lee Zahner
1360,Lucinda Fredericks
1360,Clayton Fredericks
1360,Shane Rose
1360,Megan Jones
1360,Sonja Johnson
1362,Sander Mulder
1362,Michel Everaert
1382,Emanuel Rego
1382,Zé Marco de Melo
1437,Talmo Oliveira
1437,Paulo André Silva
1437,Marcelo Negrão
1437,Andre Felippe Ferreira
1437,Amauri Ribeiro
1437,Douglas Chiarotti
1437,Antônio Carlos Gouveia
1437,Alexandre Samuel
1437,Janelson Carvalho
1437,Jorge Edson Brito
1437,Giovane Gavio
1437,Maurício Lima
1448,Miguel Maia
1448,João Brenha
1465,Eduardo Martínez
1465,Martín Conde
1467,Darcy Marquardt
1467,Rachelle Viinberg
1467,Ashley Brzozowicz
1467,Lesley Thompson
1467,Krista Guloien
1467,Janine Hanson
1467,Lauren Wilkinson
1467,Natalie Mastracci
1467,Andréanne Morin
1520,Carl Henkel
1520,Sinjin Smith
1581,Reid Hamilton
1581,Glenn Hamilton
1618,Andrea Ghiurghi
1618,Nicola Grigolo
1648,Ian Thorpe
1648,Michael Klim
1648,Ashley Callus
1648,Chris Fydler
1655,Etienne De Wilde
1655,Matthew Gilmore
1679,Aino Kaisa Saarinen
1679,Virpi Kuitunen
1679,Pirjo Manninen
1679,Riitta-Liisa Lassila
1708,Michal Palinek
1708,Marek Pakosta
1710,Sytske de Groot
1710,Anne Schellekens
1710,Jacobine Veenhoven
1710,Carline Bouw
1710,Roline Repelaer van Driel
1710,Chantal Achterberg
1710,Annemiek de Haan
1710,Nienke Kingma
1710,Claudia Belderbos
1725,Miriam Gössner
1725,Katrin Zeller
1725,Evi Sachenbacher-Stehle
1725,Claudia Künzel
1733,Colleen Lanne
1733,Natalie Coughlin
1733,Jenny Thompson
1733,Kara Lynn Joyce
1733,Maritza Correia
1733,Amanda Weir
1733,Lindsay Benko
1747,Matt Grevers
1747,Nathan Adrian
1747,Michael Phelps
1747,Jason Lezak
1747,Cullen Jones
1747,Garrett Weber-Gale
1747,Benjamin Wildman-Tobriner
1768,Fredrik Petersson
1768,Tom Englen
1769,Deng Linlin
1769,Jiang Yuyan
1769,Cheng Fei
1769,He Kexin
1769,Li Shanshan
1769,Yang Yilin
1782,Birgit Treiber
1782,Carola Nitschke
1782,Rosemarie Kother-Gabriel
1782,Andrea Pollack
1782,Ulrike Richter
1782,Hannelore Anke
1783,Therese Johaug
1783,Vibeke Skofterud
1783,Marit Bjørgen
1783,Kristin Størmer Steira
1807,Sixto Jimenez
1807,Javier Bosma
1873,Amaury Leveaux
1873,Frédérick Bousquet
1873,Gregory Mallet
1873,Boris Steimetz
1873,Alain Bernard
1873,Fabien Gilot
1879,Janne Niinimaa
1879,Ville Peltonen
1879,Sami Kapanen
1920,Wendy Cook-Hogg
1920,Anne Jardin
1920,Susan Estelle Smith-Sloan
1920,Robin Corsiglia
1950,Klaus Steinbach
1950,Hans-G Vosseler
1950,Werner Lampe
1950,Hans Fassnacht
1963,John Child
1963,Mark Heese
1984,Chellsie Memmel
1984,Shawn Johnson
1984,Nastia Liukin
1984,Alicia Sacramone
1984,Bridget Sloan
1984,Samantha Peszek
2004,Miguel Prieto
2004,José Yuste
2008,Ryan Lochte
2008,Ricky Berens
2008,Charlie Houchin
2008,Davis Tarwater
2008,Conor Dwyer
2008,Michael Phelps
2008,Matthew Mclean
2018,Jean-Philippe Jodard
2018,Christian Penigaud
2064,Kaido Kreen
2064,Avo Keel
2065,Mike Whitmarsh
2065,Mike Dodd
2068,Axel Hager
2068,Jörg Ahmann
2083,Carlos Jayme
2083,Gustavo Borges
2083,Edvaldo Valério
2083,Fernando Scherer
2084,Fred Tyler
2084,John Kinsella
2084,Mark Spitz
2084,Steve Genter
2127,Andreea Grigore
2127,Steliana Nistor
2127,Andreea Acatrinei
2127,Anamaria Tamirjan
2127,Sandra Izbasa
2127,Gabriela Dragoi
2213,Lenny Krayzelburg
2213,Brendan Hansen
2213,Neil Walker
2213,Michael Phelps
2213,Jason Lezak
2213,Ian Crocker
2213,Mark Gangloff
2213,Aaron Peirsol
2214,Estela Domínguez
2214,Inmaculada Torres
2214,Laura de la Torre
2214,Rita María Oraá
2214,Olga Martín
2214,Carmen Beatriz Miranda
2214,Virginia Cardona
2214,Asunción Domenech
2214,Inmaculada González
2214,María del Mar Rey
2214,Ana María Tostado
2214,Marta Gens
2222,Luo Yutong
2222,Qin Kai
2228,Gabrielle Douglas
2228,McKayla Maroney
2228,Kyla Ross
2228,Jordyn Wieber
2228,Alexandra Raisman
2234,Tullio Gonnelli
2234,Elio Ragni
2234,Gianni Caldana
2234,Orazio Mariani
2297,Gary Hall
2297, Sr.
2303,Thomas Rupprath
2303,Jens Kruppa
2303,Lars Conrad
2303,Helge Meeuw
2303,Steffen Driesen
2393,Kosuke Kitajima
2393,Tomomi Morita
2393,Yoshihiro Okumura
2393,Takashi Yamamoto
2407,Dmitri Sautin
2407,Alexandre Dobroskok
2422,Ilya Zakharov
2422,Evgeny Kuznetsov
2459,Mika Yamauchi
2459,Kumi Nakada
2459,Tomoko Yoshihara
2459,Kazumi Nakamura
2459,Kiyoko Fukuda
2459,Chieko Nakanishi
2459,Yukiko Takahashi
2459,Michiyo Ishihake
2459,Asako Tajimi
2459,Ichiko Sato
2459,Ikuyo Namura
2459,Motoko Obayashi
2507,Lilia Izquierdo
2507,Marlenys Costa
2507,Raisa O'Farrill
2507,Magalys Carvajal
2507,Mireya Luis
2507,Regla Bell
2507,Mercedes Calderón
2507,Ana Fernandez
2507,Norka Latamblet Daudinot
2507,Tania Ortiz Calvo
2507,Idalmis Gato
2507,Regla Torres
2517,Pang Qing
2517,Tong Jian
2518,Nikolaos Siranidis
2518,Thomas Bimis
2532,Jill Sterkel
2532,Wendy Boglioli
2532,Kim Peyton
2532,Shirley Babashoff
2560,Carla McGhee
2560,Lisa Leslie
2560,Sheryl Swoopes
2560,Nikki McCray
2560,Katy Steding
2560,Katrina Felicia McClain
2560,Venus Lacy
2560,Rebecca Lobo
2560,Dawn Staley
2560,Jennifer Azzi
2560,Ruthie Bolton
2560,Teresa Edwards
2606,Diana Chelaru
2606,Sandra Izbasa
2606,Diana Bulimar
2606,C?t?lina Ponor
2606,Larisa Iordache
2630,Emanuel Silva
2630,Fernando Pimenta
2660,Anky van Grunsven
2660,Edward Gal
2660,Adelinde Cornelissen
2688,Charlotte Kalla
2688,Anna Haag
2702,Fernanda Venturini
2702,Cristina Lopes
2702,Ana Flavia Daniel
2702,Hilma Caldeira
2702,Hélia Souza
2702,Cilene Rocha
2702,Ana Paula Connelly
2702,Ana Lucia Barros
2702,Marcia Regina Cunha
2702,Leila Barros
2702,Ana Beatriz Moser
2702,Ana Ida Alvares
2703,Anastasia Grishina
2703,Aliya Mustafina
2703,Ksenia Afanasyeva
2703,Maria Paseka
2703,Viktoria Komova
2709,Hailiang Xiao
2709,Ni Xiong
2711,Anne Jardin
2711,Barbara Clark
2711,Gail Amundrud
2711,Becky Smith
2718,Hongbo Zhao
2718,Xue Shen
2723,Caren Kemner
2723,Paula Weishoff
2723,Tara Cross-Battle
2723,Yoko Zetterlund
2723,Kim Oden
2723,Janet Cobbs
2723,Ruth Lawanson
2723,Lori Endicott
2723,Elaina Oden
2723,Tammy Liley
2723,Teee Sanders
2723,Liane Sato
2727,Claudia Künzel
2727,Evi Sachenbacher-Stehle
2728,Richard Sanders
2728, Olympic Wrestler
2740,Natalia Korosteleva
2740,Irina Khazova
2748,Ralph Metcalfe
2748,Foy Draper
2748,Jesse Owens
2748,Frank Wykoff
2760,Tobias Schellenberg
2760,Andreas Wels
2802,Andreas Ihle
2802,Martin Hollstein
2830,Robin Szolkowy
2830,Aljona Sawtschenko
2831,Kristian Ipsen
2831,Troy Dumais
2841,Helen Langehanenberg
2841,Dorothee Schneider
2841,Kristina Sprehe
2854,Roland Kökény
2854,Rudolf Dombi
2884,Su Huijuan
2884,Zhou Hong
2884,Su Liqun
2884,Wang Yi
2884,Chen Fengqin
2884,Lai Yawen
2884,Ma Fang
2884,Yue-Ming Li
2884,Wu Dan
2884,Gao Lin
2884,Sun Yue
2884,Guo-Jun Li
2887,Steven Barnett
2887,Robert Newbery
2966,Scott Moir
2966,Tessa Virtue
2975,Laura Bechtolsheimer
2975,Carl Hester
2975,Charlotte Dujardin
2989,Robert Newbery
2989,Dean Pullar
3021,Maxim Shabalin
3021,Oksana Domnina
3057,Erich Borchmeyer
3057,Erwin Gillmeister
3057,Gerd Hornberger
3057,Wilhelm Leichum
3058,Yannick Kocon
3058,Nicole Della Monica
3085,Marjolein de Jong
3085,Henriëtte Weersing
3085,Linda Moons
3085,Irena Machovcak
3085,Marrit Leenstra
3085,Aafke Hament
3085,Heleen Crielaard
3085,Sandra Wiegers
3085,Cintha Boersma
3085,Kirsten Gleis
3085,Erna Brinkman
3085,Vera Koenen
3127,Tatyana Menshova
3127,Svetlana Korytova
3127,Elena Tyurina
3127,Valentina Ogienko
3127,Marina Nikulina
3127,Svetlana Vassilevskaya
3127,Galina Lebedeva
3127,Natalya Morozova
3127,Elena Chebukina
3127,Evgenya Artamonova
3127,Irina Smirnova
3127,Tatyana Sidorenko
3156,Claudia Hempel
3156,Kornelia Ender
3156,Petra Priemer
3156,Andrea Pollack
3192,Charlie White
3192,Meryl Davis
3208,Rii Seike
3208,Yuki Ishizaka
3209,Nalbert Betancourt
3209,Giba
3209,Alexandre Samuel
3209,Dante Amaral
3209,Maurício Lima
3209,Gustavo Endres
3209,Max Pereira
3209,Douglas Chiarotti
3209,Marcelo Elgarten
3209,Giovane Gavio
3209,Gilmar Teixeira
3209,André Heller
3210,Elizaveta Tichtchenko
3210,Natalya Morozova
3210,Evgenya Artamonova
3210,Inessa Korkmaz
3210,Elena Tyurina
3210,Elena Godina
3210,Olga Potachova
3210,Lioubov Chachkova
3210,Tatyana Gratcheva
3210,Anastassia Belikova
3210,Elena Vassilevskaya
3210,Ekaterina Gamova
3217,Dwyane Wade
3217,Lamar Odom
3217,Emeka Okafor
3217,Stephon Marbury
3217,Tim Duncan
3217,Carmelo Anthony
3217,Carlos Boozer
3217,Shawn Marion
3217,LeBron James
3217,Richard Jefferson
3217,Amare Stoudemire
3217,Allen Iverson
3218,Mathew Helm
3218,Robert Newbery
3254,Mats Sundin
3254,Fredrik Modin
3254,Kenny Jönsson
3254,Christian Bäckman
3254,Nicklas Lidström
3254,Henrik Lundqvist
3254,Henrik Zetterberg
3254,Tomas Holmström
3254,Stefan Liv
3254,Daniel Alfredsson
3254,Per Johan Axelsson
3254,Samuel Påhlsson
3254,Henrik Sedin
3254,Mattias Öhlund
3254,Mika Hannula
3254,Daniel Tjärnqvist
3254,Niclas Hävelid
3254,Mikael Tellqvist
3254,Jörgen Jönsson
3254,Niklas Kronwall
3254,Mikael Samuelsson
3254,Daniel Sedin
3254,Ronnie Sundin
3254,Peter Forsberg
3265,Mark Williams
3265,Ben Loft
3265,Hidde Van Beest
3265,Daniel Howard
3265,Russell Wentworth
3265,David Beard
3265,Steven Keir
3265,Benjamin Hardy
3265,Nathan Jakavicius
3265,Scott Newcomb
3265,Dan Ronan
3265,Spiros Marazios
3289,Alejandro Montecchia
3289,Carlos Delfino
3289,Fabricio Oberto
3289,Andrés Nocioni
3289,Juan Ignacio Sánchez
3289,Hugo Sconochini
3289,Wálter Herrmann
3289,Gabriel Fernández
3289,Manu Ginóbili
3289,Rubén Wolkowyski
3289,Luis Scola
3289,Leonardo Gutiérrez
3302,Joseph Sullivan
3302,Nathan Cohen
3303,Iztok ?op
3303,Luka Spik
3320,Rebecca Johnston
3320,Sarah Vaillancourt
3320,Catherine Ward
3320,Tessa Bonhomme
3320,Jennifer Botterill
3320,Cherie Piper
3320,Gina Kingsbury
3320,Meaghan Mikkelson
3320,Caroline Ouellette
3320,Meghan Agosta
3320,Hayley Wickenheiser
3320,Marie-Philip Poulin
3320,Haley Irwin
3320,Kim St-Pierre
3320,Becky Kellar
3320,Shannon Szabados
3320,Gillian Apps
3320,Jayna Hefford
3320,Colleen Sostorics
3320,Carla MacLeod
3320,Charline Labonté
3340,Femke Heemskerk
3340,Hinkelien Schreuder
3340,Inge Dekker
3340,Ranomi Kromowidjojo
3340,Marleen Veldhuis
3342,Lyudmyla Panchuk
3342,Lyubov Odynokova
3342,Tetyana Kocherhina
3342,Zinaida Turchyna
3342,Tetyana Hlushchenko
3342,Rafiga Shabanova
3342,Halyna Zakharova
3342,Nataliya Tymoshkina
3342,Aldona Nen?nien?
3342,Lyudmila Poradnyk
3342,Lyudmila Shubina
3342,Mariya Litoshenko
3342,Larysa Karlova
3342,Nina Lobova
3344,Rafael Pereira da Silva
3344,Gabriel Vasconcellos Ferreira
3344,Bruno Uvini Bortolança
3344,Leandro Damião
3344,Alex Sandro Lobo Silva
3344,Marcelo Vieira
3344,Oscar dos Santos Emboaba Junior
3344,Norberto Murara Neto
3344,Neymar da Silva
3344,Danilo Luiz da Silva
3344,Thiago Emiliano da Silva
3344,Lucas Rodrigues Moura da Silva
3344,Juan Guilherme Nunes Jesus
3344,Alexandre Rodrigues da Silva
3344,Paulo Henrique Chagas de Lima
3344,Givanildo Vieira de Souza
3344,Sandro Ranieri Guimarães Cordeiro
3344,Rômulo Borges Monteiro
3345,Jessica Hardy
3345,Amanda Weir
3345,Lia Neal
3345,Allison Schmitt
3345,Natalie Coughlin
3345,Missy Franklin
3349,Saija Sirvio
3349,Venla Hovi
3349,Linda Välimäki
3349,Saara Tuominen
3349,Emma Laaksonen
3349,Jenni Hiirikoski
3349,Karoliina Rantamäki
3349,Annina Rajahuhta
3349,Mariia Posa
3349,Minnamari Tuominen
3349,Michelle Karvinen
3349,Anna Anhatalo
3349,Mira Kuisma
3349,Nina Tikkinen
3349,Noora Raty
3349,Anne Helin
3349,Marjo Voutilainen
3349,Heidi Pelttari
3350,Yosenki García
3350,Leonel Marshall Borges
3350, Jr.
3350,Nicolas Vives
3350,Ihosvany Hernández
3350,Osvaldo Hernández
3350,Ramón Gato
3350,Alexei Argilagos
3350,Alain Roca
3350,Iván Ruíz
3350,Pavel Pimienta
3350,Angel Dennis
3350,Raúl Diago
3361,Ulrike Schmidt
3361,Gudi Staub
3362,Judith Sylvester
3362,Kathy Radzuweit
3362,Tanja Hart
3362,Kerstin Tzscherlich
3362,Christiane Fürst
3362,Christina Benecke
3362,Angelina Grün
3362,Atika Bouagaa
3362,Birgit Thumm
3362,Julia Schlecht
3362,Cornelia Dumler
3362,Olessya Kulakova
3363,Andrea Giani
3363,Andrea Sartoretti
3363,Marco Meoni
3363,Luigi Mastrangelo
3363,Marco Bracci
3363,Samuele Papi
3363,Alessandro Fei
3363,Simone Rosalba
3363,Andrea Gardini
3363,Paolo Tofoli
3363,Pasquale Gravina
3363,Mirko Corsano
3364,Tian Jia
3364,Jingkun Zhang
3386,Juana Saviñon
3386,Francia Jackson
3386,Yudelkys Bautista
3386,Cosiri Rodriguez
3386,Alexandra Caso
3386,Juana Miguelina Gonzalez
3386,Sofia Mercedes
3386,Milagros Cabral
3386,Annerys Vargas
3386,Prisilla Rivera
3386,Kenya Moreta
3386,Evelyn Carrera
3387,Laura Bruschini
3387,Annamaria Solazzi
3389,Daniel Liam Parsons
3389,Jon Beare
3389,Iain Brambell
3389,Mike Lewis
3390,Jocelyne Lamoureux
3390,Julie Chu
3390,Jinelle Zaugg-Siergiej
3390,Natalie Darwitz
3390,Kerry Weiland
3390,Molly Schaus
3390,Karen Thatcher
3390,Jessie Vetter
3390,Molly Engstrom
3390,Brianne McLaughlin
3390,Gigi Marvin
3390,Jenny Potter
3390,Kacey Bellamy
3390,Meghan Duggan
3390,Erika Lawler
3390,Hilary Knight
3390,Monique Lamoureux
3390,Caitlin Cahow
3390,Kelli Stack
3390,Angela Ruggiero
3401,Mikko Koivu
3401,Petteri Nummelin
3401,Antti-Jussi Niemi
3401,Olli Jokinen
3401,Niko Kapanen
3401,Niklas Hagman
3401,Ville Nieminen
3401,Jarkko Ruutu
3401,Teppo Numminen
3401,Jere Lehtinen
3401,Jukka Hentunen
3401,Aki Berg
3401,Jussi Jokinen
3401,Saku Koivu
3401,Sami Salo
3401,Kimmo Timonen
3401,Lasse Kukkonen
3401,Toni Lydman
3401,Antti Laaksonen
3431,Nikola Grbi?
3431,Vladimir Batez
3431,Veljko Petkovi?
3431,Slobodan Kova?
3431,Ivan Miljkovi?
3431,Vladimir Grbi?
3431,?ula Mešter
3431,Igor Vušurovi?
3431,Slobodan Boškan
3431,Vasa Miji?
3431,Andrija Geri?
3431,Goran Vujevi?
3432,Bea Daly
3432,Renae Maycock
3432,Louise Bawden
3432,Selina Scoble
3432,Angela Clarke
3432,Rachel White
3432,Priscilla Ruddle
3432,Majella Brown
3432,Sandi Bowen
3432,Tamsin Hinchley
3432,Christie Mokotupu
3432,Liz Brett
3433,Petia Yanchulova
3433,Tzvetelina Yanchulova
3455,Cate Campbell
3455,Yolane Kukla
3455,Alicia Coutts
3455,Melanie Schlanger
3455,Libby Lenton
3455,Brittany Elmslie
3455,Emily Seebohm
3463,Danja Müsch
3463,Maike Friedrichsen
3464,Maria Gkaragkouni
3464,Eleni Kiosi
3464,Rouxantra-Kon Ntoumitreskou
3464,Ioanna Vlachou
3464,Eleftheria Chatzinikou
3464,Charikleia Sakkoula
3464,Georgia Tzanakaki
3464,Sofia Iordanidou
3464,Eleni Memetzi
3464,Niki Gkaragkouni
3464,Zanna Proniadou
3464,Vasiliki Papazoglou
3467,Anja-Nadin Pietrek
3467,Christina Schultz
3467,Judith Flemig
3467,Christina Benecke
3467,Tanja Hart
3467,Judith Sylvester
3467,Angelina Grün
3467,Sylvia Roll
3467,Susanne Lahme
3467,Beatrice Doemeland
3467,Kerstin Tzscherlich
3467,Hanka Pachale
3505,Alexei Kazakov
3505,Ilya Savelyev
3505,Valery Goryouchev
3505,Vadim Khamuttskikh
3505,Konstantin Ushakov
3505,Igor Choulepov
3505,Roman Yakovlev
3505,Sergey Tetyukhin
3505,Aleksandr Gerasimov
3505,Rouslan Olikhver
3505,Aleksey Kuleshov
3505,Yevgueni Mitkov
3525,Petra Wimbersky
3525,Navina Omilade
3525,Martina Müller
3525,Sonja Fuss
3525,Steffi Jones
3525,Conny Pohlers
3525,Nadine Angerer
3525,Kerstin Stegemann
3525,Kerstin Garefrekes
3525,Viola Odebrecht
3525,Birgit Prinz
3525,Ariane Hingst
3525,Isabell Bachor
3525,Sandra Minnert
3525,Sarah Günther
3525,Renate Lingor
3525,Silke Rottenberg
3525,Pia Wunderlich
3534,Mohamed El Houseny
3534,Ashraf Abouel Hassan
3534,Sayed Khalil
3534,Hamdy El Safy
3534,Ibrahim Rashwan
3534,Hany Mouselhy
3534,Mohamed Moselhy
3534,Mahmoud Abdel Aziz
3534,Ussama Komsan
3534,Eslan Awad
3534,Nehad Shehata
3534,Ibrahim Fathy
3542,Rosir Calderon
3542,Liana Mesa
3542,Marta Sanchez
3542,Zoila Barros
3542,Ana Fernandez
3542,Yumilka Ruiz
3542,Daymi Ramirez
3542,Nancy Carrillo
3542,Dulce M. Tellez Palacio
3542,Maybelis Martinez Adlun
3542,Aniara Munoz Carrazana
3542,Yahima Ortiz
3545,Sizwe Ndlovu
3545,James Thompson
3545,Matthew Brittain
3545,John Smith
3561,Zi Xiong
3561,Rong Chi
3562,Steve Redgrave
3562,Andy Holmes
3563,Jo-Wilfried Tsonga
3563,Michaël Llodra
3566,Jung Sung-ryong
3566,Kim Bo-Kyung
3566,Hwang Seok-Ho
3566,Kim Chang-Soo
3566,Oh Jae-Seok
3566,Lee Beom-Young
3566,Park Jong-Woo
3566,Kim Kee-Hee
3566,Baek Sung-Dong
3566,Ji Dong-Won
3566,Nam Tae-Hee
3566,Kim Hyun-Sung
3566,Ki Sung-yong
3566,Koo Ja-Cheol
3566,Yoon Suk-Young
3566,Kim Young-Gwon
3566,Jung Woo Young
3566,Park Chu-Young
3567,Annett Davis
3567,Jenny Johnson Jordan
3571,Mika Saiki
3571,Yukiko Takahashi
3572,Peter Blangé
3572,Bas van de Goor
3572,Reinder Nummerdor
3572,Misha Latuhihin
3572,Joost Kooistra
3572,Richard Schuil
3572,Mike van de Goor
3572,Guido Görtzen
3572,Martijn Dieleman
3572,Martin van der Horst
3572,Erik Schuil
3572,Albert Cristina
3573,Elisabeth Bachman
3573,Tayyiba Haneef
3573,Tara Cross-Battle
3573,Ogonna Nnamani
3573,Prikeba Phipps
3573,Logan Tom
3573,Heather Bown
3573,Stacy Sykora
3573,Nancy Metcalf
3573,Robyn Ah Mow-Santos
3573,Danielle Scott-Arruda
3573,Lindsey Berg
3574,Hilda Gaxiola
3574,Teresa Galindo
3592,Walter Kusch
3592,Klaus Steinbach
3592,Michael Kraus
3592,Peter Nocke
3609,Eva Celbová
3609,So?a Nováková
3610,Dorcas Nakhomicha
3610,Philister Jebet
3610,Mercy Wesutila
3610,Leonidas Kamende
3610,Gladys Nasikanda
3610,Catherine Wanjiru
3610,Nancy Nyongesa
3610,Violet Barasa
3610,Judith Serenge
3610,Janet Wanja
3610,Roselidah Obunaga
3610,Abigael Tarus
3629,Azusa Iwashimizu
3629,Karina Maruyama
3629,Mana Iwabuchi
3629,Nahomi Kawasumi
3629,Y?ki Nagasato
3629,Saki Kumagai
3629,Megumi Takase
3629,Homare Sawa
3629,Shinobu Ohno
3629,Mizuho Sakaguchi
3629,Aya Sameshima
3629,Kyoko Yano
3629,Kozue Ando
3629,Miho Fukumoto
3629,Yukari Kinga
3629,Ayumi Kaihori
3629,Aya Miyama
3629,Asuna Tanaka
3631,Holly McPeak
3631,Misty May-Treanor
3644,Anabelle Prawerman
3644,Cécile Rigaux
3645,Han Song-Yi
3645,Jung Dae-Young
3645,Choi Kwang-Hee
3645,Pak Sun-Mi
3645,Ku Min-Jung
3645,Kang Hye-Mi
3645,Chang So-Yun
3645,Kim Sa-Nee
3645,Kim Se-Young
3645,Lee Jung-Youl
3645,Kim Mi-Jin
3645,Nam Jie-Youn
3657,Michael Hepburn
3657,Glenn O'Shea
3657,Rohan Dennis
3657,Jack Bobridge
3658,Marie-Eve Nault
3658,Brittany Timko
3658,Karina LeBlanc
3658,Desiree Scott
3658,Christine Sinclair
3658,Rhian Wilkinson
3658,Robyn Gayle
3658,Sophie Schmidt
3658,Lauren Sesselmann
3658,Melanie Booth
3658,Carmelina Moscato
3658,Kelly Parker
3658,Erin McLeod
3658,Jonelle Filigno
3658,Candace Chapman
3658,Kaylyn Kyle
3658,Melissa Tancredi
3658,Diana Matheson
3658,Chelsea Stewart
3658,Emily Zurrer
3660,Richard Gasquet
3660,Julien Benneteau
3678,Geraint Thomas
3678,Ed Clancy
3678,Peter Kennaugh
3678,Steven Burke
3680,Giacomo Galanda
3680,Alex Righetti
3680,Nikola Radulovic
3680,Matteo Soragna
3680,Michele Mian
3680,Luca Garri
3680,Roberto Chiacig
3680,Massimo Bulleri
3680,Gianluca Basile
3680,Rodolfo Rombaldoni
3680,Gianmarco Pozzecco
3680,Denis Marconato
3694,Morten Jørgensen
3694,Eskild Ebbesen
3694,Jacob Barsøe
3694,Kasper Winther
3707,Martina Hudcová
3707,Tereza Tobiasová
3708,Abby Wambach
3708,Mia Hamm
3708,Aly Wagner
3708,Heather Mitts
3708,Brandi Chastain
3708,Kate Markgraf
3708,Julie Foudy
3708,Briana Scurry
3708,Joy Fawcett
3708,Cindy Parlow
3708,Heather O'Reilly
3708,Shannon Boxx
3708,Christie Rampone
3708,Kristin Luckenbill
3708,Lindsay Tarpley
3708,Kristine Lilly
3708,Cat Reddick
3708,Angela Hucles
3746,Christina Rost
3746,Christina Voß
3746,Silvia Siefert
3746,Evelyn Matz
3746,Kristina Richter
3746,Waltraud Kretzschmar
3746,Petra Uhlig
3746,Eva Paskuy
3746,Roswitha Krause
3746,Hannelore Burosch
3746,Hannelore Zober
3746,Gabriele Badorek
3746,Liane Michaelis
3751,Natalie Cook
3751,Kerri Pottharst
3753,Zhu Yunying
3753,Li Shan
3753,Qi He
3753,Chen Jing
3753,Wu Dan
3753,Li Yan
3753,Qiu Aihua
3753,Wang Lina
3753,Gui Chaoran
3753,Wu Yongmei
3753,Yin Yin
3753,Sun Yue
3763,Vasso Karadassiou
3763,Effrosyni Sfyri
3764,Eleonora Lo Bianco
3764,Maurizia Cacciatori
3764,Elisa Togut
3764,Ana Paula de Tassis
3764,Anna Vania Mello
3764,Francesca Piccinini
3764,Paola Paggi
3764,Antonella Bragaglia
3764,Darina Mifkova
3764,Sabrina Bertini
3764,Manuela Leggeri
3764,Simona Rinieri
3765,Bang Sin-Bong
3765,Lee Ho
3765,Chang Byung-Chul
3765,Choi Tae-Woong
3765,Lee Kyung-Soo
3765,Park Hee-Sang
3765,Shin Sun-Ho
3765,Lee Byung-Yong
3765,Kim Se-Jin
3765,Shin Jin-Sik
3765,Bang Ji-Sub
3765,Who In-Jung
3766,Dalixia Fernández
3766,Tamara Larrea
3781,Janina Conceição
3781,Ricarda Lima
3781,Kelly Fraga
3781,Hélia Souza
3781,Virna Dias
3781,Raquel Silva
3781,Leila Barros
3781,Elisângela Oliveira
3781,Karin Rodrigues
3781,Walewska Oliveira
3781,Erika Coimbra
3781,Kátia Lopes
3787,Fiorella Aita
3787,Milagros Moy
3787,Janet Vasconzuelo
3787,Milagros Camere
3787,Diana Soto
3787,Elena Keldibekova
3787,Natalia Malaga
3787,Rosa Garcia
3787,Yulissa Zamudio
3787,Milagros Uceda
3787,Iris Falcón
3787,Leyla Chihuán
3792,Mike Bryan
3792,Bob Bryan
3793,Marco Jhonfai Fabian de la Mora
3793,Héctor Miguel Herrera
3793,Nestor Araújo
3793,Israel Jiménez
3793,Dárvin Chávez
3793,Néstor Vidrio
3793,Jose Rodriguez
3793,Jorge Enríquez
3793,Raúl Jiménez
3793,Hiram Mier
3793,Oribe Peralta
3793,Javier Cortés
3793,José de Jesús Corona
3793,Diego Reyes
3793,Miguel Ángel Ponce
3793,Carlos Salcido
3793,Javier Aquino
3793,Giovani dos Santos
3798,Haixia Zheng
3798,Cong Xuedi
3798,Li Xin
3799,Vickie Orr
3799,Victoria Bullett
3799,Cynthia Cooper
3799,Katrina McClain Johnson
3799,Daedra Charles
3799,Medina Dixon
3799,Suzie McConnell Serio
3799,Tammy Jackson
3799,Teresa Weatherspoon
3799,Teresa Edwards
3799,Clarissa Davis
3799,Carolyn Jones-Young
3807,Rozália Lelkesné
3807,Márta Megyeriné
3807,Amália Sterbinszky
3807,Marianna Nagy
3807,Mária Berzsenyi
3807,Katalin Lakiné
3807,Ilona Nagy
3807,Klára Csíkné
3807,Zsuzsanna Kéziné
3807,Éva Angyal
3807,Ágota Bujdosó
3807,Erzsebet Nemeth
3807,Mária Vadászné
3807,Borbála Tóth Harsányi
3824,Rob Williams
3824,Richard Chambers
3824,Peter Chambers
3824,Chris Bartley
3825,Barbara Jeli?
3825,Biljana Gligorovic
3825,Ana Kastelan
3825,Marija Anzulovic
3825,Gordana Jurcan
3825,Elena Cebukina
3825,Patricia Danicic
3825,Beti Rimac
3825,Natasa Leto
3825,Marijana Ribicic
3825,Ingrid Siscovich
3825,Vesna Jelic
3850,Gary Hall
3850, Sr.
3856,Valeska Menezes
3856,Fernanda Venturini
3856,Elisângela Oliveira
3856,Virna Dias
3856,Marianne Steinbrecher
3856,Arlene Xavier
3856,Hélia Souza
3856,Ana Chagas
3856,Welissa Gonzaga
3856,Fabiana Claudino
3856,Erika Coimbra
3856,Walewska Oliveira
3915,Daniela Gattelli
3915,Lucilla Perrotta
3917,Lilian Izquierdo
3917,Regla Bell
3917,Marlenis Costa
3917,Ana Fernandez
3917,Yumilka Ruiz
3917,Taismary Agüero
3917,Raisa O'Farrill
3917,Mireya Luis
3917,Martha Sanchez Salfran
3917,Regla Torres
3917,Mirka Francia
3917,Zoila Barros
3918,Jaromir Jagr
3918,Milan Hejduk
3918,Ville Peltonen
3918,Filip Kuba
3918,Milan Hnili?ka
3918,Tomas Vokoun
3918,Petr Cajanek
3918,František Kaberle
3918,Martin Erat
3918,Pavel Kubina
3918,Robert Lang
3918,Marek Zidlicky
3918,Patrik Elias
3918,Tomas Kaberle
3918,Rostislav Olesz
3918,Martin Rucinsky
3918,Ales Hemsky
3918,Jan Bulis
3918,Marek Malik
3918,Dominik Hašek
3918,Martin Straka
3918,Jaroslav Spacek
3918,Vaclav Prospal
3918,Dusan Salficky
3918,Aleš Kotalík
3918,David Vyborny
3919,Alexis Valido
3919,Enrique de la Fuente
3919,Juan Carlos Robles
3919,Carlos Carreño
3919,Miguel Ángel Falasca
3919,Cosme Prenafeta
3919,José Luis Moltó
3919,Luis Pedro Suela
3919,José Antonio Casilla
3919,Juan José Salvador
3919,Rafael Pascual
3919,Ernesto Rodríguez
3924,Sandra Pires
3924,Adriana Samuel
3926,Abderrahmane Derouaz
3926,Mourad Amara
3926,Mahmoud Rahmani
3926,Hocine Yahi
3926,Mohamed Kheddis
3926,Salah Assad
3926,Djamel Menad
3926,Salah Larbes
3926,Lakhdar Belloumi
3926,Mahmoud Guendouz
3926,Rabah Madjer
3926,Mohamed Bouhalla
3926,Tedj Bensaoula
3926,Ali Fergani
3926,Mohamed Aomar Ghrib
3926,Bouzid Mahyouz
3926,Chaabane Merzekane
3947,Tania Gooley
3947,Pauline Manser
3948,Alexandra Korukovets
3948,Elizaveta Tishchenko
3948,Ekaterina Gamova
3948,Elena Plotnikova
3948,Evgenya Artamonova
3948,Elena Tyurina
3948,Natalya Safronova
3948,Olga Chukanova
3948,Lioubov Chachkova
3948,Marina Sheshenina
3948,Olga Nikolaeva
3948,Irina Tebenikhina
3949,Choi Kwang-Hee
3949,Lee Yun-Hui
3949,Lee Meong-Hee
3949,Chang So-Yun
3949,Kim Guy-Hyun
3949,Chung Sun-Hye
3949,Ku Min-Jung
3949,Eoh Yeon-Soon
3949,Park Mee-Kyung
3949,Kang Hye-Mi
3949,Koo Ki-Lan
3949,Park Soo-Jeong
3957,Simona Rinieri
3957,Francesca Ferretti
3957,Jenny Barazza
3957,Paola Paggi
3957,Eleonora Lo Bianco
3957,Manuela Leggeri
3957,Paola Cardullo
3957,Elisa Togut
3957,Manuela Secolo
3957,Antonella Del Core
3957,Nadia Centoni
3957,Francesca Piccinini
3958,Christian Lares
3958,Jerónimo Bidegain
3958,Pablo Pereira
3958,Leonardo Patti
3958,Alejandro Spajic
3958,Juan Pablo Porello
3958,Leandro Maly
3958,Pablo Meana
3958,Hugo Conte
3958,Sebastian Firpo
3958,Marcos Milinkovic
3958,Carlos Weber
3999,Doris Wefwafwa
3999,Ednah Chepngeno
3999,Jackline Makokha
3999,Emily Wesutila
3999,Mary Ayuma
3999,Gladys Nasikanda
3999,Nancy Waswa
3999,Judith Serenge
3999,Margaret Indakala
3999,Dorcas Ndasaba
3999,Violet Barasa
3999,Roselidah Mangala
4001,Romano Battisti
4001,Alessio Sartori
4011,Annette Huygens-Tholen
4011,Sarah Straton
4012,Zhao Ruirui
4012,Liu Yanan
4012,Zhang Na
4012,Shan Li
4012,Jing Chen
4012,Nina Song
4012,Zhou Suhong
4012,Ping Zhang
4012,Feng Kun
4012,Lina Wang
4012,Yang Hao
4012,Zhang Yuehong
4014,Jinghui Yang
4014,Tian Liang
4045,Gregor Schlierenzauer
4045,Wolfgang Loitzl
4045,Thomas Morgenstern
4045,Andreas Kofler
4067,Matt Vogel
4067,John Hencken
4067,Jim Montgomery
4067,John Naber
4068,Martin Schmitt
4068,Michael Neumayer
4068,Andreas Wank
4068,Michael Uhrmann
4074,Daniel Landry
4074,Michael Lambert
4074,Lloy Ball
4074,Kevin Barnett
4074,Jeff Nygaard
4074,Ryan Millar
4074,Chip McCaw
4074,George Roumain
4074,John Hyden
4074,Erik Sullivan
4074,Andy Witt
4074,Tom Hoff
4080,Maria José Schuller
4080,Cristina Pereira
4081,Sachiko Sugiyama
4081,Chie Tsuji
4081,Tomoko Yoshihara
4081,Kana Oyama
4081,Miyuki Takahashi
4081,Ai Otomo
4081,Yoshie Takeshita
4081,Saori Kimura
4081,Megumi Kurihara
4081,Ikumi Narita
4081,Kanako Omura
4081,Miki Sasaki
4091,Leon Taylor
4091,Peter Waterfield
4098,Tobin Heath
4098,Christie Rampone
4098,Hope Solo
4098,Heather O'Reilly
4098,Carli Lloyd
4098,Sydney Leroux
4098,Amy Rodriguez
4098,Megan Rapinoe
4098,Amy LePeilbet
4098,Abby Wambach
4098,Kelley O'Hara
4098,Rachel Buehler
4098,Heather Mitts
4098,Nicole Barnhart
4098,Alex Morgan
4098,Shannon Boxx
4098,Becky Sauerbrunn
4098,Lauren Cheney
4122,Jesse Sergent
4122,Westley Gough
4122,Marc Ryan
4122,Sam Bewley
4122,Aaron Gate
4124,Gary Hall
4124, Sr.
4135,Adriana Behar
4135,Shelda Bede
4140,Debora Schoon-Kadijk
4140,Rebekka Kadijk
4158,Anders Jacobsen
4158,Johan Remen Evensen
4158,Tom Hilde
4158,Anders Bardal
4160,Clay Evans
4160,Stephen Pickell
4160,Gary MacDonald
4160,Graham Smith
4168,Charlene Tagaloa
4168,Demetria Sance
4168,Stacy Sykora
4168,Danielle Scott-Arruda
4168,Tara Cross-Battle
4168,Allison Weston
4168,Sarah Noriega
4168,Logan Tom
4168,Robyn Ah Mow-Santos
4168,Heather Bown
4168,Mickisha Hurley
4168,Kerri Walsh
4248,Sergey Fesenko
4248, Sr.
4251,Evgeny Ustyugov
4251,Ivan Tcherezov
4251,Anton Shipulin
4251,Maxim Tchoudov
4252,Martina Glagow
4252,Simone Hauswald
4252,Andrea Henkel
4252,Kati Wilhelm
4311,Huang Xuechen
4311,Liu Ou
4320,Steve Redgrave
4320,Matthew Pinsent
4434,Alexey Korovashkov
4434,Ilya Pervukhin
4464,Tracy Cameron
4464,Melanie Kok
4491,Tina Dietze
4491,Franziska Weber
4514,Ona Carbonell
4514,Andrea Fuentes
4591,Karolina Naja
4591,Beata Miko?ajczyk
4604,Etienne Stott
4604,Timothy Baillie
4607,Peter Hochschorner
4607,Pavol Hochschorner
4629,Andrei Bahdanovich
4629,Aliaksandr Bahdanovich
4674,Christopher Zeller
4674,Martin Häner
4674,Matthias Witthaus
4674,Jan Philipp Rabente
4674,Tobias Hauke
4674,Philipp Zeller
4674,Benjamin Weß
4674,Timo Weß
4674,Max Weinhold
4674,Oliver Korn
4674,Moritz Fürste
4674,Thilo Stralkowski
4674,Maximilian Müller
4674,Christopher Wesley
4674,Oskar Deecke
4674,Florian Fuchs
4707,Kurt Kuschela
4707,Peter Kretschmer
4744,Richard Hounslow
4744,David Florence
4787,Marie Dorin
4787,Marie Laure Brunet
4787,Sandrine Bailly
4787,Sylvie Becaert
4811,Fergus Kavanagh
4811,Glenn Turner
4811,Matthew Swann
4811,Joel Carroll
4811,Jamie Dwyer
4811,Nathan Burgers
4811,Kieran Govers
4811,Russell Ford
4811,Matthew Gohdes
4811,Chris Ciriello
4811,Tim Deavin
4811,Eddie Ockenden
4811,Matthew Butturini
4811,Mark Knowles
4811,Liam De Young
4811,Simon Orchard
4812,Natasa Janics
4812,Katalin Kovács
4814,Natalia Ishchenko
4814,Svetlana Romashina
4829,Zhang Juanjuan
4829,Chen Ling
4829,Guo Dan
4830,Minna Nieminen
4830,Sanna Sten
4835,David Edgar
4835,John Murphy
4835,Jerry Heidenreich
4835,Mark Spitz
4853,Pierre Durand
4853, Jr.
4904,Tarjei Bø
4904,Halvard Hanevold
4904,Ole Einar Bjørndalen
4904,Emil Hegle Svendsen
4964,Yun Ok-hee
4964,Sung Hyun Park
4964,Hyun-Jung Joo
5081,Virginie Arnold
5081,Berangere Schuh
5081,Sophie Dodemont
5133,Anna Bogaliy-Titovets
5133,Olga Zaitseva
5133,Svetlana Sleptsova
5133,Olga Pyleva
5136,Robbert Kemperman
5136,Marcel Balkestein
5136,Floris Evers
5136,Rogier Hofman
5136,Bob de Voogd
5136,Klaas Vermeulen
5136,Sander de Wijn
5136,Sander Baart
5136,Wouter Jolie
5136,Valentin Verga
5136,Jaap Stockmann
5136,Teun de Nooijer
5136,Billy Bakker
5136,Robert van der Horst
5136,Roderick Weusthof
5136,Tim Jenniskens
5136,Mink van der Weerden
5158,Marit van Eupen
5158,Kirsten van der Kolk
5171,Dominik Landertinger
5171,Simon Eder
5171,Christoph Sumann
5171,Daniel Mesotitsch
5238,Julius Brink
5238,Christoph Dieckmann
5266,Stefan Kretzschmar
5266,Markus Baur
5266,Henning Fritz
5274,Agnieszka Bednarek
5274,Mariola Zenik
5274,Katarzyna Gajga?
5274,Milena Sadurek-Mikolajczyk
5274,Anna Bara?ska
5274,Milena Rosner
5274,Katarzyna Skowro?ska
5274,Joanna Kaczor
5274,Ma?gorzata Glinka
5274,Anna Podolec
5274,Katarzyna Skorupa
5274,Marya Liktoras
5277,Igor Kolodinsky
5277,Dmitri Barsouk
5288,Florian Kehrmann
5288,Dominik Klein
5288,Henning Fritz
5288,Heiner Brand
5288,Oliver Roggisch
5288,Christian Schwarzer
5288,Holger Glandorf
5288,Michael Haas
5288,Pascal Hens
5288,Sven-Sören Christophersen
5288,Michael Kraus
5288,Johannes Bitter
5288,Oliver Köhrmann
5288,Christian Zeitz
5288,Torsten Jansen
5288,Andrej Klimovets
5296,Tamika Catchings
5296,Cappie Pondexter
5296,Kara Lawson
5296,Tina Thompson
5296,Sylvia Fowles
5296,Lisa Leslie
5296,Sue Bird
5296,Candace Parker
5296,Katie Smith
5296,Diana Taurasi
5296,Seimone Augustus
5296,DeLisha Milton-Jones
5301,Fernando González
5301,Nicolás Massú
5306,Brenton Rickard
5306,Matt Targett
5306,Christian Sprenger
5306,Hayden Stoeckel
5306,Tommaso D'Orsogna
5306,James Magnussen
5361,Todd Rogers
5361,Phil Dalhausser
5371,David Cecil
5371, 6th Marquess of Exeter
5391,Suguru Awaji
5391,Yuki Ota
5391,Ryo Miyake
5391,Kenta Chida
5429,Hans Lindberg
5429,Michael V. Knudsen
5429,Klavs Bruun Jørgensen
5429,Kasper Søndergaard
5429,Bo Spellerberg
5429,Mikkel Hansen
5429,Lars T. Jørgensen
5429,Kasper Nielsen
5429,Lars Christiansen
5429,Peter Henriksen
5429,Joachim Boldsen
5429,Kasper Hvidt
5429,Jesper Jensen
5429,Jesper Nøddesbo
5429,Lasse Boesen
5432,Wei Qiuyue
5432,Xue Ming
5432,Zhang Na
5432,Xu Yunli
5432,Li Juan
5432,Wang Yimei
5432,Yang Hao
5432,Zhou Suhong
5432,Ma Yunwen
5432,Zhao Ruirui
5432,Liu Yanan
5432,Feng Kun
5433,Wu Penggen
5433,Linyin Xu
5434,Valeska Menezes
5434,Welissa Gonzaga
5434,Walewska Oliveira
5434,Marianne Steinbrecher
5434,Sheilla Castro
5434,Jaqueline Carvalho
5434,Thaisa Menezes
5434,Carolina Albuquerque
5434,Fabiana de Oliveira
5434,Paula Pequeno
5434,Hélia Souza
5434,Fabiana Claudino
5436,Ogonna Nnamani
5436,Lindsey Berg
5436,Danielle Scott-Arruda
5436,Nicole Davis
5436,Heather Bown
5436,Stacy Sykora
5436,Jennifer Joines
5436,Tayyiba Haneef
5436,Logan Tom
5436,Robyn Ah Mow-Santos
5436,Kim Glass
5436,Kim Willoughby
5440,Peter Gartmayer
5440,Clemens Doppler
5444,Erika Araki
5444,Yuko Sano
5444,Saori Kimura
5444,Sachiko Sugiyama
5444,Megumi Kurihara
5444,Miyuki Takahashi
5444,Kanako Omura
5444,Yuka Sakurai
5444,Yuki Kawai
5444,Asako Tajimi
5444,Miyuki Kano
5444,Yoshie Takeshita
5453,Jérôme Fernandez
5453,Didier Dinart
5453,Guillaume Gille
5453,Cédric Paty
5453,Olivier Girault
5453,Bertrand Gille
5453,Luc Abalo
5453,Joël Abati
5453,Cédric Burdet
5453,Christophe Kempe
5453,Daniel Narcisse
5453,Thierry Omeyer
5453,Daouda Karaboué
5453,Nikola Karabati?
5453,Michaël Guigou
5476,Raúl Mesa
5476,Pablo Herrera
5478,Saskia Clark
5478,Hannah Mills
5491,Aleksandrs Samoilovs
5491,M?rti?š P?avi?š
5504,Lars Hinneburg
5504,Steffen Zesner
5504,Thomas Flemming
5504,Dirk Richter
5514,Nadia Centoni
5514,Paola Croce
5514,Jenny Barazza
5514,Simona Gioli
5514,Francesca Ferretti
5514,Eleonora Lo Bianco
5514,Paola Cardullo
5514,Manuela Secolo
5514,Serena Ortolani
5514,Francesca Piccinini
5514,Martina Guiggi
5514,Taismary Agüero
5521,John Pius Boland
5521,Friedrich Traun
5557,Sebastian Coe
5557, Baron Coe
5569,DeeDee Trotter
5569,Allyson Felix
5569,Francena McCorory
5569,Sanya Richards
5569,Diamond Dixon
5569,Keshia Baker
5596,Anabel Medina Garrigues
5596,Virginia Ruano Pascual
5611,Robert Förstemann
5611,Maximilian Levy
5611,René Enders
5628,Emanuel Fernandes
5628,Morais Abreu
5632,Matthew Langridge
5632,Mohamed Sbihi
5632,James Foad
5632,Richard Egington
5632,Tom Ransley
5632,Constantine Louloudis
5632,Greg Searle
5632,Phelan Hill
5632,Alex Partridge
5635,Martín Conde
5635,Mariano Baracetti
5648,Brendan Hansen
5648,Nathan Adrian
5648,Tyler McGill
5648,Matt Grevers
5648,Cullen Jones
5648,Michael Phelps
5648,Nick Thoman
5650,Drew Ginn
5650,William Lockwood
5650,Joshua Dunkley-Smith
5699,Charlie Cole
5699,Scott Gault
5699,Glenn Ochal
5699,Henrik Rummel
5704,Katsuhiro Shiratori
5704,Kentaro Asahi
5729,Fabio Luiz Magalhães
5729,Marcio Araujo
5741,Igor Vori
5741,Vlado Šola
5741,Ivano Bali?
5741,Petar Metli?i?
5741,Slavko Goluža
5741,Valter Matoševi?
5741,Mirza Džomba
5741,Venio Losert
5746,Maestro Alex Gregory
5746,Andrew Triggs-Hodge
5746,Peter Reed
5746,Tom James
5749,George Stuart Robertson
5749,Teddy Flack
5763,Lisa Westerhof
5763,Lobke Berkhout
5764,Chris Hoy
5764,Jason Kenny
5764,Philip Hindes
5819,Nicolas Kiefer
5819,Rainer Schüttler
5827,Demetrios Petrokokkinos
5827,Dionysios Kasdaglis
5831,Richard Schuil
5831,Reinder Nummerdor
5846,Lukas Mueller
5846,Florian Mennigen
5846,Andreas Kuffner
5846,Filip Adamski
5846,Maximilian Reinelt
5846,Richard Schmidt
5846,Martin Sauer
5846,Kristof Wilke
5846,Eric Johannesen
5847,Diana Taurasi
5847,Katie Smith
5847,Sheryl Swoopes
5847,Yolanda Griffith
5847,Shannon Johnson
5847,Sue Bird
5847,Dawn Staley
5847,Ruth Riley
5847,Swin Cash
5847,Tamika Catchings
5847,Tina Thompson
5847,Lisa Leslie
5862,Rebecca Scown
5862,Juliette Haigh
5868,Michaël D'Almeida
5868,Kévin Sireau
5868,Grégory Bauge
5870,Stefana Veljkovi?
5870,Maja Ognjenovi?
5870,Jelena Nikoli?
5870,Maja Simani?
5870,Brižitka Molnar
5870,Vesna ?itakovi?
5870,Jovana Vesovi?
5870,Suzana ?ebi?
5870,Ivana ?erisilo
5870,Nataša Krsmanovi?
5870,Sanja Malagurski
5870,Jovana Brako?evi?
5871,Jan Schnider
5871,Martin Laciga
5883,S?awomir Szmal
5883,Karol Bielecki
5883,Pawe? Piwko
5883,Tomasz T?uczy?ski
5883,Bartosz Jurecki
5883,Mariusz Jurasik
5883,Artur Siódmiak
5883,Mateusz Jachlewski
5883,Krzysztof Lijewski
5883,Bart?omiej Jaszka
5883,Marcin Wichary
5883,Marcin Lijewski
5883,Grzegorz Tkaczyk
5883,Micha? Jurecki
5884,Valerio Aspromonte
5884,Giorgio Avola
5884,Andrea Baldini
5884,Andrea Cassarà
5885,Yuliya Gushchina
5885,Natalya Nazarova
5885,Tatyana Firova
5885,Anastasiya Kapachinskaya
5885,Antonina Krivoshapka
5887,Rosemarie Whyte
5887,Christine Day
5887,Shereefa Lloyd
5887,Novlene Williams
5887,Shericka Williams
5889,Ekaterina Kabeshova
5889,Lioubov Chachkova
5889,Olga Fateyeva
5889,Marina Akulova
5889,Yulia Merkulova
5889,Natalia Alimova
5889,Ekaterina Gamova
5889,Elena Godina
5889,Evgenya Artamonova
5889,Maria Borodakova
5889,Marina Sheshenina
5889,Aleksandra Pasynkova
5890,Florian Gosch
5890,Alexander Horst
5891,Alexandre Vasconcelos
5891,Leonardo Bortolini
5891,Felipe Ribeiro
5891,Renato Ruy
5891,Maik Santos
5891,Helio Justino
5891,Bruno Santana
5891,Guilherme Oliveira
5891,Alexandre Silva
5891,Fernando Pacheco Filho
5891,Silvio Laureano
5891,Jardel Pizzinato
5891,Carlos Ertel
5891,Bruno Souza
5892,Kate Hornsey
5892,Sarah Tait
5893,David Klemperer
5893,Eric Koreng
5894,Yusidey Silie
5894,Yumilka Ruiz
5894,Rosir Calderon
5894,Daimi Ramirez Echevarria
5894,Liana Mesa
5894,Yusleynis Herrera
5894,Zoila Barros
5894,Yaima Ortiz Charro
5894,Rachel Sanchez
5894,Kenia Carcaces
5894,Nancy Carrillo
5894,Yanelis Santos
5902,Rivo Vesik
5902,Kristjan Kais
5948,Bram Ronnes
5948,Emiel Boersma
5964,Douglas Csima
5964,Jeremiah Brown
5964,Andrew Byrnes
5964,Malcolm Howard
5964,Brian Price
5964,Will Crothers
5964,Gabriel Bergen
5964,Conlin McCabe
5964,Rob Gibson
6007,Goran Šprem
6007,Petar Metli?i?
6007,Drago Vukovi?
6007,Blaženko Lackovi?
6007,Domagoj Duvnjak
6007,Renato Suli?
6007,Ton?i Val?i?
6007,Davor Dominikovi?
6007,Mirko Alilovi?
6007,Zlatko Horvat
6007,Igor Vori
6007,Venio Losert
6007,Mirza Džomba
6007,Ivano Bali?
6007,Ljubo Vuki?
6011,Venus Williams
6011,Serena Williams
6017,Patrick Heuscher
6017,Sascha Heyer
6067,Víctor Tomás
6067,Carlos Prieto
6067,Juanín García
6067,Rubén Garabaya
6067,David Barrufet
6067,David Davis
6067,Jon Belaustegui
6067,Iker Romero
6067,Cristian Malmagro
6067,Raúl Entrerríos
6067,Albert Rocas
6067,Demetrio Lozano
6067,Jose Javier Hombrados
6067,Alberto Entrerríos
6077,Jo Aleh
6077,Olivia Powrie
6085,Joshua Slack
6085,Andrew Schacht
6090,Riccardo Lione
6090,Eugenio Amore
6097,Gary Hall
6097, Jr.
6156,Nawel Mansouri
6156,Sérine Hanaoui
6156,Mouni Abderrahim
6156,Fatma-Zohra Oukazi
6156,Nassima Ben Hamouda
6156,Tassadit Aïssou
6156,Melinda Hanaoui
6156,Narimène Madani
6156,Lydia Oulmou
6156,Safia Boukhima
6156,Raouia Rouabhia
6156,Faïza Tsabet
6177,Peter Joppich
6177,André Weßels
6177,Benjamin Kleibrink
6177,Sebastian Bachmann
6179,Ricardo Santos
6179,Emanuel Rego
6188,Mario An?i?
6188,Ivan Ljubi?i?
6195,Helen Glover
6195,Heather Stanning
6197,Jake Gibb
6197,Sean Rosenthal
6211,Logi Geirsson
6211,Guðmundur Guðmundsson
6211,Róbert Gunnarsson
6211,Guðjón Valur Sigurðsson
6211,Snorri Guðjónsson
6211,Sverre Andreas Jakobsson
6211,Ólafur Stefánsson
6211,Sigfús Sigurðsson
6211,Sturla Ásgeirsson
6211,Hreiðar Guðmundsson
6211,Ingimundur Ingimundarson
6211,Björgvin Páll Gustavsson
6211,Ásgeir Örn Hallgrímsson
6211,Arnór Atlason
6267,Zheng Jie
6267,Yan Zi
6269,Jørre Kjemperud
6269,Tarjei Skarlund
6270,Kosuke Kitajima
6270,Takuro Fujii
6270,Takeshi Matsuda
6270,Ryosuke Irie
6323,Efthalia Koutroumanidou
6323,Vasiliki Arvaniti
6354,So?a Nováková
6354,Eva Celbová
6403,Shelley-Ann Brown
6403,Helen Upperton
6404,Daniel Rickardsson
6404,Johan Olsson
6404,Anders Södergren
6404,Marcus Hellner
6420,Andrew Simpson
6420,Iain Percy
6424,You Wenhui
6424,Wang Lu
6425,Ryan Lochte
6425,Jason Lezak
6425,James Feigen
6430,Douglas Partie
6430,Jon Root
6430,Scott Fortune
6430,Troy Tanner
6430,Craig Buck
6430,Karch Kiraly
6430,Dave Saunders
6430,Steve Timmons
6430,Eric Sato
6430,Bob Ctvrtlik
6430,Ricci Luyties
6430,Jeff Stork
6441,Stephen Rowbotham
6441,Matthew Wells
6459,Kerri Pottharst
6459,Summer Lochowicz
6461,Holly McPeak
6461,Elaine Youngs
6483,Erin Pac
6483,Elana Meyers
6508,Kara Lynn Joyce
6508,Julia Smit
6508,Emily Silver
6508,Dara Torres
6508,Lacey Nymeyer
6508,Natalie Coughlin
6514,Hilda Gaxiola
6514,Mayra García
6577,Valeria Sorokina
6577,Nina Vislova
6591,Emiliano Brembilla
6591,Federico Cappellazzo
6591,Filippo Magnini
6591,Massimiliano Rosolino
6591,Simone Cercato
6591,Matteo Pelliciari
6603,Petia Yanchulova
6603,Tzvetelina Yanchulova
6625,Shelda Bede
6625,Adriana Behar
6626,Simone Kuhn
6626,Nicole Schnyder-Benoit
6658,Libby Lenton
6658,Shayne Reese
6658,Alice Mills
6658,Melanie Schlanger
6658,Cate Campbell
6711,Lucilla Perrotta
6711,Daniela Gattelli
6722,Yuri Cherednik
6722,Vladimir Shkurikhin
6722,Yaroslav Antonov
6722,Andrei Kuznetsov
6722,Raimundas Vilde
6722,Igor Runov
6722,Yuri Sapega
6722,Yevgeni Krasilnikov
6722,Aleksandr Sorokolet
6722,Valeri Losev
6722,Viacheslav Zaitsev
6722,Yuriy Panchenko
6735,Ana Paula Connelly
6735,Sandra Pires
6753,Martin Jakš
6753,Lukáš Bauer
6753,Martin Koukal
6753,Ji?í Magál
6755,Scott Brennan
6755,David Crawshay
6771,Nicole Sanderson
6771,Natalie Cook
6818,Philip Noel-Baker
6818, Baron Noel-Baker
6837,Eduardo Martínez
6837,Claudio Zulianello
6837,Daniel Castellani
6837,Jon Uriarte
6837,Juan Cuminetti
6837,Esteban de Palma
6837,Alejandro Diz
6837,Daniel Colla
6837,Carlos Weber
6837,Raúl Quiroga
6837,Hugo Conte
6837,Waldo Kantor
6846,Kaillie Humphries
6846,Heather Moyse
6860,Kathrine Maaseide
6860,Susanne Glesnes
6882,Michael Frater
6882,Nesta Carter
6882,Yohan Blake
6882,Kemar Bailey-Cole
6882,Usain Bolt
6884,Fei Wang
6884,Tian Jia
6905,Darvis Patton
6905,Ryan Bailey
6905,Trell Kimmons
6905,Jeffery Demps
6905,Tyson Gay
6905,Justin Gatlin
6906,Femke Heemskerk
6906,Hinkelien Schreuder
6906,Manon van Rooijen
6906,Ranomi Kromowidjojo
6906,Inge Dekker
6906,Marleen Veldhuis
6911,Marc Burns
6911,Richard Thompson
6911,Keston Bledman
6911,Emmanuel Callender
6949,Odd-Bjørn Hjelmeset
6949,Martin Johnsrud Sundby
6949,Lars Berger
6949,Petter Northug
7001,Ryoko Tokuno
7001,Chiaki Kusuhara
7004,Rebekka Kadijk
7004,Marrit Leenstra
7018,Zhao Yunlei
7018,Tian Qing
7025,Andrea Barzagli
7025,Matteo Ferrari
7030,Nila Håkedal
7030,Ingrid Tørlen
7041,Effrosyni Sfyri
7041,Vasso Karadassiou
7051,Tõnu Endrekson
7051,Jüri Jaanson
7053,Michael Klim
7053,Todd Pearson
7053,Ian Thorpe
7053,Craig Stevens
7053,Nicholas Sprenger
7053,Antony Matkovich
7053,Grant Hackett
7072,Max Salminen
7072,Fredrik Lööf
7087,Sebastian Coe
7087, Baron Coe
7089,Guylaine Dumont
7089,Annie Martin
7103,Stephanie Pohl
7103,Okka Rau
7119,Amaury Leveaux
7119,Yannick Agnel
7119,Alain Bernard
7119,Jérémy Stravius
7119,Fabien Gilot
7119,Clement Lefert
7144,Kerri Walsh
7144,Misty May-Treanor
7175,James Cracknell
7175,Steve Redgrave
7175,Matthew Pinsent
7175,Tim Foster
7185,Bruno Prada
7185,Robert Scheidt
7193,Mizuki Fujii
7193,Reika Kakiiwa
7195,Dalixia Fernández
7195,Tamara Larrea
7214,Leigh Ann Naidoo
7214,Julia Willand
7257,Susanne Lahme
7257,Danja Müsch
7269,Scott Goldblatt
7269,Peter Vanderkaay
7269,Ryan Lochte
7269,Dan Ketchum
7269,Klete Keller
7269,Michael Phelps
7321,Lai Yawen
7321,Liu Xiaoning
7321,Wang Ziling
7321,Zhu Yunying
7321,Li Xan
7321,Wang Lina
7321,Pan Wenli
7321,Yong-Mei Cui
7321,Sun Yue
7321,Qi He
7321,Wang Yi
7321,Wu Yongmei
7322,Émilie Heymans
7322,Anne Montminy
7387,Conchita Martínez
7387,Virginia Ruano Pascual
7388,Marta Mangué
7388,Patricia Elorza
7388,Vanessa Amorós
7388,Andrea Barnó
7388,Jessica Alonso
7388,Beatriz Fernández
7388,Elisabeth Pinedo
7388,Nely Carla Alberto
7388,Macarena Aguilar
7388,Verónica Cuadrado
7388,Mihaela Ciobanu
7388,Silvia Navarro
7388,Marta Lopez Herrero
7388,Begoña Fernández
7391,Gordon Hunter Downie
7391,David Michael Dunne
7391,Alan McClatchey
7391,Brian Brinkley
7392,Jamie Korab
7392,Mike Adam
7392,Russ Howard
7392,Mark Nichols
7392,Brad Gushue
7397,Valentino Gallo
7397,Massimo Giacoppo
7397,Matteo Aicardi
7397,Giacomo Pastorino
7397,Deni Fiorentini
7397,Danijel Premuš
7397,Christian Presciutti
7397,Pietro Figlioli
7397,Amaurys Perez
7397,Maurizio Felugo
7397,Stefano Tempesti
7397,Alex Giorgetti
7397,Niccolò Gitto
7398,Malcolm Page
7398,Mathew Belcher
7406,Morten Djupvik
7406,Tony Andre Hansen
7406,Geir Gulliksen
7406,Stein Endresen
7415,Jessica Steffens
7415,Brenda Villa
7415,Kami Craig
7415,Annika Dries
7415,Heather Petri
7415,Tumua Anae
7415,Elsie Windes
7415,Melissa Seidemann
7415,Maggie Steffens
7415,Lauren Wenger
7415,Courtney Mathewson
7415,Kelly Rulon
7415,Elizabeth Armstrong
7423,Jerry Heidenreich
7423,Michael Stamm
7423,Tom Bruce
7423,Mark Spitz
7460,Ivan Buljubasic
7460,Frano Vi?an
7460,Josip Pavi?
7460,Sandro Sukno
7460,Damir Buri?
7460,Samir Bara?
7460,Andro Bušlje
7460,Niksa Dobud
7460,Petar Muslim
7460,Miho Boškovi?
7460,Igor Hini?
7460,Paulo Obradovic
7460,Maro Jokovi?
7471,Scott Brash
7471,Nick Skelton
7471,Peter Charles
7471,Ben Maher
7473,Venus Williams
7473,Serena Williams
7475,Andrea Hlavá?ková
7475,Lucie Hradecká
7495,Maria Pena Carrasco
7495,Jennifer Pareja Lisalde
7495,Anni Espar Llaquet
7495,Marta Bach Pascual
7495,Andrea Blas Martinez
7495,Lorena Miranda Dorado
7495,Matilde Ortiz Reyes
7495,Laura López
7495,Ona Meseguer Flaque
7495,Maria Garcia Godoy
7495,Ana Copado Amoros
7495,Roser Tarrago Aymerich
7495,Laura Ester Ramos
7520,Virna Dias
7520,Marcia Fu Cunha
7520,Hélia Souza
7520,Fernanda Venturini
7520,Ana Paula Connelly
7520,Ana Beatriz Moser
7520,Ana Ida Alvares
7520,Sandra Suruagy
7520,Hilma Caldeira
7520,Leila Barros
7520,Ana Flavia Sanglard
7520,Ericleia Bodziak
7568,Stephanie Beckert
7568,Daniela Anschütz-Thoms
7568,Anni Friesinger
7568,Katrin Mattscherodt
7614,Paula Weishoff
7614,Tonya Williams
7614,Kristin Klein
7614,Danielle Scott-Arruda
7614,Elaine Youngs
7614,Yoko Zetterlund
7614,Beverly Oden
7614,Lori Endicott
7614,Tammy Liley
7614,Caren Kemner
7614,Elaina Oden
7614,Tara Cross-Battle
7615,Andris Šics
7615,Juris Šics
7645,Nao Kodaira
7645,Maki Tabata
7645,Masako Hozumi
7678,Olesya Povkh
7678,Hrystyna Stuy
7678,Mariya Ryemyen
7678,Elyzaveta Bryzgina
7679,Nadia Petrova
7679,Maria Kirilenko
7687,Ikumi Narita
7687,Motoko Ohbayashi
7687,Mika Saiki
7687,Kazumi Nakamura
7687,Chiho Torii
7687,Kiyomi Sakamoto
7687,Kaiyo Hoshini
7687,Chieko Nakanishi
7687,Aki Nagatomi
7687,Asako Tajimi
7687,Mika Yamauchi
7687,Tomoko Yoshihara
7693,Heiner Brand
7693,Rudolf Rauer
7724,Erminia Russo
7724,Katrina Von Sass
7724,Michelle Sawatzky
7724,Diane Ratnik
7724,Lori Ann Mundt
7724,Kerri Buchberger
7724,Wanda Guenette
7724,Kathy Tough
7724,Brigitte Soucy
7724,Josée Corbeil
7724,Janis Kelly
7724,Christine Stark
7746,Foluke Akinradewo
7746,Megan Hodge
7746,Logan Tom
7746,Tamari Miyashiro
7746,Courtney Thompson
7746,Destinee Hooker
7746,Lindsey Berg
7746,Jordan Larson
7746,Danielle Scott-Arruda
7746,Tayyiba Haneef
7746,Christa Harmotto
7746,Nicole Davis
7762,Lucas Calabrese
7762,Juan de la Fuente
7763,Claudia Wilke
7763,Silvia Roll
7763,Christine Schultz
7763,Susanne Lahme
7763,Ute Steppin
7763,Constanze Radfan
7763,Karin Horninger
7763,Nancy Celis
7763,Ines Pianka
7763,Tanja Hart
7763,Grit Naumann
7763,Hanka Pachale
7774,Jur Vrieling
7774,Gerco Schröder
7774,Maikel van der Vleuten
7774,Marc Houtzager
7776,Vladimir Raskatov
7776,Sergey Kopliakov
7776,Andrey Krylov
7776,Andrei Bogdanov
7792,Shelly-Ann Fraser
7792,Schillonie Calvert
7792,Sherone Simpson
7792,Samantha Henry-Robinson
7792,Kerron Stewart
7792,Veronica Campbell
7793,Tianna Madison
7793,Lauryn Williams
7793,Jeneba Tarmoh
7793,Carmelita Jeter
7793,Bianca Knight
7793,Allyson Felix
7801,Yuko Sano
7801,Yukiko Ebata
7801,Maiko Kano
7801,Saori Sakoda
7801,Risa Shinnabe
7801,Yoshie Takeshita
7801,Erika Araki
7801,Hitomi Nakamichi
7801,Mai Yamaguchi
7801,Saori Kimura
7801,Kaori Inoue
7801,Ai Otomo
7819,Jani Sullanmaa
7819,Teemu Salo
7819,Kalle Kiiskinen
7819,Markku Uusipaavalniemi
7863,Klaus Katzur
7863,Hartmut Flöckner
7863,Roland Matthes
7863,Lutz Unger
7875,Joe Polo
7875,Pete Fenson
7875,Scott Baird
7875,John Shuster
7875,Shawn Rojeski
7884,Marjorie Vilchez
7884,Luren Baylon
7884,Milagros Camere
7884,Sara Joya
7884,Yolanda Delgado
7884,Sandra Rodríguez
7884,Milagros Moy
7884,Paola Ramos
7884,Leyla Chihuán
7884,Milagros Contreras
7884,Iris Falcón
7884,Yulissa Zamudio
7885,Marrit Leenstra
7885,Ingrid Visser
7885,Irena Machovcak
7885,Henriëtte Weersing
7885,Cintha Boersma
7885,Saskia van Hintum
7885,Elles Leferink
7885,Riëtte Fledderus
7885,Erna Brinkman
7885,Jerine Fleurke
7885,Claudia van Thiel
7885,Marjolein de Jong
7891,Sven Kramer
7891,Mark Tuitert
7891,Simon Kuipers
7891,Jan Blokhuijsen
7915,Denny Morrison
7915,Lucas Makowsky
7915,Mathieu Giroux
7920,McLain Ward
7920,Beezie Madden
7920,Will Simpson
7920,Laura Kraut
7933,Stuart Bithell
7933,Luke Patience
7937,Eric Lamaze
7937,Gill Henselwood
7937,Ian Millar
7937,Mac Cone
7939,Sun Tiantian
7939,Li Ting
7963,Tony McQuay
7963,Bryshon Nellum
7963,Joshua Mance
7963,Manteo Mitchell
7980,Bruce Robertson
7980,Robert Kasting
7980,Erik Fish
7980,William Mahony
8033,Jonathan Kuck
8033,Trevor Marsicano
8033,Brian Hansen
8033,Chad Hedrick
8041,Elizaveta Tichtchenko
8041,Elena Godina
8041,Lioubov Chachkova
8041,Tatyana Menshova
8041,Valentina Ogienko
8041,Evgenya Artamonova
8041,Irina Smirnova-Ilchenko
8041,Natalya Morozova
8041,Marina Nikulina
8041,Yulia Timonova
8041,Tatyana Gracheva
8041,Elena Tyurina
8082,Ramzy Al Duhami
8082,Abdullah Waleed Sharbatly
8082,Abdullah Al Saud
8082,Kamal Bahamdan
8088,Stuart O'Grady
8088,Graeme Brown
8090,Clarence von Rosen
8090, Jr.
8100,Milan Aleksi?
8100,Živko Goci?
8100,Aleksa Šaponji?
8100,Gojko Pijetlovi?
8100,Stefan Mitrovi?
8100,Vanja Udovi?i?
8100,Slobodan Niki?
8100,Duško Pijetlovi?
8100,Slobodan Soro
8100,Andrija Prlainovi?
8100,Filip Filipovi?
8100,Dusan Mandic
8100,Nikola Ra?en
8114,Fernanda Ferreira
8114,Tandara Caixeta
8114,Paula Pequeno
8114,Thaisa Menezes
8114,Dani Lins
8114,Natalia Pereira
8114,Fabiana de Oliveira
8114,Sheilla Castro
8114,Adenizia da Silva
8114,Fernanda Rodrigues
8114,Fabiana Claudino
8114,Jaqueline Carvalho
8122,Camilla Herrem
8122,Heidi Løke
8122,Linn Jørum Sulland
8122,Karoline Dyhre Breivang
8122,Kristine Lunde
8122,Tonje Nøstvold
8122,Ida Alstad
8122,Marit Malm Frafjord
8122,Kari Aalvik Grimsbø
8122,Linn-Kristin Riegelhuth
8122,Katrine Lunde Haraldsen
8122,Gøril Snorroeggen
8122,Kari Mette Johansen
8122,Amanda Kurtovi?
8143,Rebecca Gilmore
8143,Loudy Tourky
8159,Xue Sang
8159,Na Li
8163,Chang So-Yun
8163,Lee Soo-Jung
8163,Chang Yoon-Hee
8163,Eoh Yeon-Soon
8163,Hong Ji-Yeon
8163,Yoo Yin-Kyung
8163,Park Soo-Jeong
8163,Chung Sun-Hye
8163,Choi Kwang-Hee
8163,Lee In-Sook
8163,Kim Nam-Soon
8163,Kang Hye-Mi
8165,Marina Vuk?evi?
8165,Majda Mehmedovi?
8165,Ana Radovi?
8165,Marija Jovanovi?
8165,Radmila Miljani?
8165,Ana ?oki?
8165,Katarina Bulatovi?
8165,An?ela Bulatovi?
8165,Sonja Barjaktarovi?
8165,Bojana Popovi?
8165,Milena Kneževi?
8165,Suzana Lazovi?
8165,Jovanka Radi?evi?
8165,Maja Savi?
8198,Paola Suárez
8198,Patricia Tarabini
8199,Victoria Brown
8199,Melissa Rippon
8199,Alicia McCormack
8199,Gemma Beadsworth
8199,Kate Gynther
8199,Holly Lincoln-Smith
8199,Glencora Ralph
8199,Sophie Smith
8199,Rowena Webster
8199,Jane Moran
8199,Nicola Zagame
8199,Bronwen Knox
8219,Regina Mylosserdova
8219,Olena Kryvonossova
8219,Yuliya Buyeva
8219,Olga Pavlova
8219,Alla Kravets
8219,Nataliya Bozhenova
8219,Olga Kolomiyets
8219,Vita Mateshik
8219,Mariya Polyakova
8219,Olena Sydorenko
8219,Olexandra Fomina
8219,Tetyana Ivanyushkyna
8220,Mirka Francia
8220,Taismary Agüero
8220,Lilia Izquierdo
8220,Idalmis Gato
8220,Ana Fernandez
8220,Regla Bell
8220,Raisa O'Farrill
8220,Yumilka Ruiz
8220,Mireya Luis
8220,Regla Torres
8220,Magalys Carvajal
8220,Marlenys Costa
8225,Sergey Fesenko
8225, Sr.
8241,Mike Bruner
8241,Jim Montgomery
8241,Bruce Furniss
8241,John Naber
8263,Patric Leitner
8263,Alexander Resch
8264,Katarzyna Wójcicka
8264,Luiza Zlotkowska
8264,Katarzyna Wo?niak
8279,Wolfgang Linger
8279,Andreas Linger
8294,Erik Kynard
8294, Jr.
8325,Ond?ej Št?pánek
8325,Jaroslav Volf
8334,Jonathon Schofield
8334,Liam Heath
8383,Sergey Ermishin
8383,Mikhail Kouchnerev
8478,Ricardo Santos
8478,Zé Marco de Melo
8479,Miriam Welte
8479,Kristina Vogel
8480,Heidemarie Reineck
8480,Jutta Weber
8480,Angela Steinbach
8480,Gudrun Beckmann
8481,Max Mirnyi
8481,Victoria Azarenka
8507,Jennifer Digbeu
8507,Élodie Godin
8507,Emmeline Ndongue
8507,Nwal-Endene Miyem
8507,Marion Laborde
8507,Florence Lepron
8507,Clemence Beikes
8507,Sandrine Gruda
8507,Edwige Lawson
8507,Émilie Gomis
8507,Isabelle Yacoubou
8507,Céline Dumerc
8530,Patrick Kane
8530,Jack Johnson
8530,Zach Parise
8530,Ryan Malone
8530,Tim Gleason
8530,Phil Kessel
8530,Joe Pavelski
8530,Dustin Brown
8530,Ryan Callahan
8530,Ryan Suter
8530,Paul Stastny
8530,Tim Thomas
8530,Brooks Orpik
8530,Ryan Miller
8530,Ryan Whitney
8530,Chris Drury
8530,Bobby Ryan
8530,David Backes
8530,Brian Rafalski
8530,Erik Johnson
8530,Jamie Langenbrunner
8530,Jonathan Quick
8573,Sidney Crosby
8573,Patrice Bergeron
8573,Rick Nash
8573,Scott Niedermayer
8573,Marc-Andre Fleury
8573,Mike Richards
8573,Duncan Keith
8573,Shea Weber
8573,Drew Doughty
8573,Corey Perry
8573,Roberto Luongo
8573,Ryan Getzlaf
8573,Dany Heatley
8573,Martin Brodeur
8573,Patrick Marleau
8573,Eric Staal
8573,Brenden Morrow
8573,Brent Seabrook
8573,Dan Boyle
8573,Joe Thornton
8573,Jonathan Toews
8573,Jarome Iginla
8573,Chris Pronger
8577,Mariano Baracetti
8577,José Salema
8593,Matthew Grinlaubs
8593,Joshua Slack
8594,Darius Maskoliunas
8594,Saulius Štombergas
8594,Ram?nas Šiškauskas
8594,Tomas Masiulis
8594,Darius Songaila
8594,K?stutis Mar?iulionis
8594,Šar?nas Jasikevi?ius
8594,Andrius Giedraitis
8594,Gintaras Einikis
8594,Mindaugas Timinskas
8594,Dainius Adomaitis
8594,Eurelijus Žukauskas
8607,Arthur Porritt
8607, Baron Porritt
8719,Raman Piatrushenka
8719,Vadzim Makhneu
8721,Sofia Maccari
8721,Rosario Luchetti
8721,Mariela Scarone
8721,Noel Barrionuevo
8721,Florencia Habif
8721,Rocio Sanchez Moccia
8721,Carla Rebecchi
8721,Martina Cavallero
8721,Delfina Merino
8721,Maria Florencia Mutio
8721,Luciana Aymar
8721,Daniela Sruoga
8721,Ana Macarena Rodriguez Perez
8721,Silvina D'elia
8721,Laura del Colle
8721,Maria Josefina Sruoga
8722,José Loiola
8722,Emanuel Rego
8723,Vin Baker
8723,Steve Smith
8723,Tim Hardaway
8723,Vince Carter
8723,Jason Kidd
8723,Allan Houston
8723,Kevin Garnett
8723,Shareef Abdur-Rahim
8723,Gary Payton
8723,Antonio McDyess
8723,Ray Allen
8723,Alonzo Mourning
8738,Laura Bartlett
8738,Sarah Thomas
8738,Emily Maguire
8738,Elizabeth Storry
8738,Georgie Twigg
8738,Kate Walsh
8738,Ashleigh Ball
8738,Crista Cullen
8738,Sally Walton
8738,Hannah Macleod
8738,Chloe Rogers
8738,Laura Unsworth
8738,Helen Richardson
8738,Alex Danson
8738,Anne Panter
8738,Nicola White
8769,João Brenha
8769,Miguel Maia
8792,Eric Fonoimoana
8792,Dain Blanton
8803,Emily Silver
8803,Natalie Coughlin
8803,Dara Torres
8803,Lacey Nymeyer
8803,Kara Lynn Joyce
8803,Julia Smit
8808,Timo Jutila
8808,Sami Kapanen
8808,Ville Peltonen
8817,Marleen Veldhuis
8817,Hinkelien Schreuder
8817,Inge Dekker
8817,Ranomi Kromowidjojo
8817,Femke Heemskerk
8817,Manon van Rooijen
8825,Guo Shuang
8825,Gong Jinjie
8827,Kevin Wong
8827,Rob Heidger
8838,Ding Ning
8838,Li Xiaoxia
8838,Guo Yue
8852,Bjørn Maaseide
8852,Jan Kvalheim
8856,Andrew Murray
8856,Laura Robson
8883,Kasumi Ishikawa
8883,Sayaka Hirano
8883,Ai Fukuhara
8884,Yury Postrigay
8884,Alexander Dyachenko
8927,Rainer Henkel
8927,Michael Gross
8927,Thomas Fahrner
8927,Erik Hochstein
8944,Paul Laciga
8944,Martin Laciga
8945,Kristi Harrower
8945,Liz Cambage
8945,Samantha Richards
8945,Rachel Jarry
8945,Jenna O'Hea
8945,Jennifer Screen
8945,Laura Summerton
8945,Suzy Batkovic
8945,Lauren Jackson
8945,Abby Bishop
8945,Kathleen Macleod
8946,Merel de Blaeij
8946,Maartje Paumen
8946,Kim Lammers
8946,Carlien Dirkse van den Heuvel
8946,Kitty van Male
8946,Ellen Hoog
8946,Eva de Goede
8946,Kelly Jonker
8946,Lidewij Welten
8946,Margot van Geffen
8946,Joyce Sombroek
8946,Maartje Goderie
8946,Caia van Maasakker
8946,Marilyn Agliotti
8946,Naomi van As
8946,Sophie Polkamp
8953,Julien Prosser
8953,Lee Zahner
8961,Jody Holden
8961,Conrad Leinemann
8968,Christian Penigaud
8968,Jean-Philippe Jodard
9002,Joel Sotelo
9002,Juan Rodríguez Ibarra
9033,Axel Hager
9033,Jörg Ahmann
9034,Andrea Raffaelli
9034,Maurizio Pimponi
9049,Mike Bryan
9049,Lisa Raymond
9057,Anna Meares
9057,Kaarle McCulloch
9058,Simon Dahl
9058,Björn Berg
9068,Sami Salo
9068,Miikka Kiprusoff
9068,Sami Lepistö
9068,Joni Pitkänen
9068,Toni Lydman
9068,Ville Peltonen
9068,Niklas Bäckström
9068,Jarkko Ruutu
9068,Antti Miettinen
9068,Olli Jokinen
9068,Niko Kapanen
9068,Mikko Koivu
9068,Saku Koivu
9068,Teemu Selänne
9068,Jarkko Immonen
9068,Antero Niittymäki
9068,Tuomo Ruutu
9068,Jere Lehtinen
9068,Janne Niskala
9068,Kimmo Timonen
9068,Lasse Kukkonen
9068,Niklas Hagman
9104,Cate Campbell
9104,Alice Mills
9104,Melanie Schlanger
9104,Libby Lenton
9104,Shayne Reese
9118,Peter Hochschorner
9118,Pavol Hochschorner
9125,Eduardo Martínez
9125,Martín Conde
9206,Mark Heese
9206,John Child
9208,Ericka Lorenz
9208,Courtney Johnson
9208,Nicolle Payne
9208,Heather Petri
9208,Coralie Simmons
9208,Julie Swail
9208,Bernice Orwig
9212,Seimone Augustus
9212,Tamika Catchings
9212,Asjha Jones
9212,Candace Parker
9212,Angel McCoughtry
9212,Tina Charles
9212,Lindsay Whalen
9212,Sylvia Fowles
9212,Diana Taurasi
9212,Swin Cash
9212,Sue Bird
9212,Maya Moore
9243,Sebastian Coe
9243, Baron Coe
9251,Fabio Diez
9251,Javier Bosma
9252,Oliver Oetke
9252,Andreas Scheuerpflug
9265,Li Jiawei
9265,Wang Yuegu
9265,Feng Tianwei
9296,Martin Lébl
9296,Michal Palinek
9301,Katie Weatherston
9301,Jennifer Botterill
9301,Cheryl Pounder
9301,Carla MacLeod
9301,Gina Kingsbury
9301,Cherie Piper
9301,Sarah Vaillancourt
9301,Jayna Hefford
9301,Becky Kellar
9301,Charline Labonté
9301,Cassie Campbell
9301,Vicky Sunohara
9301,Caroline Ouellette
9301,Colleen Sostorics
9301,Danielle Goyette
9301,Meghan Agosta
9301,Hayley Wickenheiser
9301,Gillian Ferrari
9301,Gillian Apps
9301,Kim St-Pierre
9318,Vegard Høidalen
9318,Jørre Kjemperud
9331,Frédéric Weis
9331,Crawford Palmer
9331,Laurent Sciarra
9331,Laurent Foirest
9331,Yann Bonato
9331,Antoine Rigaudeau
9331,Moustapha Sonko
9331,Stéphane Risacher
9331,Thierry Gadou
9331,Jim Bilba
9331,Cyril Julian
9331,Makan Dioumassi
9340,Jennifer Kemp
9340,Shirley Babashoff
9340,Sandra Neilson
9340,Jane Barkman
9346,Matt Cetlinski
9346,Troy Dalbey
9346,Matt Biondi
9346,Doug Gjertsen
9357,Steffen Zesner
9357,Uwe Daßler
9357,Sven Lodziewski
9357,Thomas Flemming
9367,Sheng Zetian
9367,Rifat Yildiz
9381,Dmitry Larionov
9381,Mikhail Kuznetsov
9383,Oliver Stamm
9383,Nikolas Berger
9412,Andrea Eife
9412,Kornelia Ender
9412,Gabriele Wetzko
9412,Elke Sehmisch
9447,Gary Hall
9447, Jr.
9447,Jason Lezak
9447,Nate Dusing
9447,Ian Crocker
9447,Neil Walker
9447,Michael Phelps
9447,Gabe Woodward
9457,Charles Hamelin
9457,Francois Hamelin
9457,Guillaume Bastille
9457,François-Louis Tremblay
9457,Olivier Jean
9486,Stefanie Schwaiger
9486,Doris Schwaiger
9492,Dmitri Sautin
9492,Igor Loukachine
9534,Eddie Crook
9534, Jr.
9578,Liesbeth Mouha
9578,Liesbet Van Breedam
9624,Ed Clancy
9624,Paul Manning
9624,Bradley Wiggins
9624,Geraint Thomas
9649,Gary Hall
9649, Jr.
9682,Lyndon Ferns
9682,Darian Townsend
9682,Roland Mark Schoeman
9682,Ryk Neethling
9685,Aileen Meagher
9685,Hilda Cameron
9685,Dorothy Brookshaw
9685,Mildred Dolson
9688,Merel Mooren
9688,Rebekka Kadijk
9690,Misty May-Treanor
9690,Kerri Walsh
9721,David Šain
9721,Valent Sinkovi?
9721,Martin Sinkovi?
9721,Damir Martin
9722,Cristine Santanna
9722,Andrezza Martins
9727,Tim Grohmann
9727,Lauritz Schoof
9727,Karl Schulze
9727,Phillipp Wende
9796,Vasiliki Arvaniti
9796,Vasso Karadassiou
9806,Anja Mittag
9806,Sabine Englert
9825,Gabriella Szabó
9825,Danuta Kozák
9825,Krisztina Fazekas
9825,Katalin Kovács
9934,Jade Neilsen
9934,Blair Evans
9934,Melanie Schlanger
9934,Kylie Palmer
9934,Alicia Coutts
9934,Bronte Barratt
9934,Angie Bainbridge
9934,Brittany Elmslie
9962,Milagros Crespo
9962,Imara Esteves Ribalta
9965,Michael Mørkøv
9965,Jens-Erik Madsen
9965,Casper Joergensen
9965,Alex Nicki Rasmussen
9988,Bibiana Candelas
9988,Mayra García
9989,Annette Rogers
9989,Harriet Bland
9989,Betty Robinson
9989,Helen Stephens
9990,Coralie Balmy
9990,Charlotte Bonnet
9990,Margaux Farrell
9990,Mylene Lazare
9990,Camille Muffat
9990,Ophélie-Cyrielle Étienne
10006,Lee Ho-Suk
10006,Kwak Yoon-Gy
10006,Kim Seung-Il
10006,Lee Jung-Su
10006,Sung Si-Bak
10008,Nila Håkedal
10008,Ingrid Tørlen
10017,Maria Tsiartsiani
10017,Efthalia Koutroumanidou
10025,Nicole Branagh
10025,Elaine Youngs
10026,Daniel Noonan
10026,Karsten Forsterling
10026,Chris Morgan
10026,James McRae
10036,Laura Ludwig
10036,Sara Goller
10069,Johan Kenkhuis
10069,Mark Veens
10069,Mitja Zastrow
10069,Pieter van den Hoogenband
10069,Klaas-Erik Zwering
10078,Hayden Roulston
10078,Marc Ryan
10078,Jesse Sergent
10078,Sam Bewley
10095,Lucinda Whitty
10095,Olivia Price
10095,Nina Curtis
10098,Vita Nel
10098,Judith Augoustides
10104,Renata Ribeiro
10104,Talita Antunes
10106,Zhang Xi
10106,Xue Chen
10109,Tian Liang
10109,Hu Jia
10115,Tian Jia
10115,Wang Jie
10167,Katherine Reutter
10167,Allison Baver
10167,Kimberly Derrick
10167,Alyson Dudek
10167,Lana Gehring
10180,Dalixia Fernández
10180,Tamara Larrea
10184,Johanna Ahlm
10184,Therese Bengtsson
10184,Sara Holmgren
10184,Madeleine Grundström
10184,Therese Islas
10184,Jessica Enström
10184,Annika Fredén
10184,Sara Eriksson
10184,Tina Flognman
10184,Linnea Torstenson
10184,Isabelle Gulldén
10184,Teresa Utkovic
10184,Matilda Boson
10184,Johanna Wiberg
10208,Clarence von Rosen
10208, Jr.
10220,Natalya Uryadova
10220,Alexandra Shiryayeva
10222,Simone Kuhn
10222,Lea Schwer
10230,Mika Saiki
10230,Chiaki Kusuhara
10233,Mikaela Wulff
10233,Silja Kanerva
10233,Silja Lehtinen
10246,Tamsin Hinchley
10246,Natalie Cook
10256,Wang Meng
10256,Sun Li
10256,Hui Zhang
10256,Zhou Yang
10302,Okka Rau
10302,Stephanie Pohl
10303,Jessica Gregg
10303,Marianne St-Gelais
10303,Tania Vicent
10303,Kalyna Roberge
10305,Larissa França
10305,Ana Paula Connelly
10321,Carolin Leonhardt
10321,Katrin Wagner
10321,Franziska Weber
10330,Alyssa Anderson
10330,Allison Schmitt
10330,Missy Franklin
10330,Shannon Vreeland
10330,Dana Vollmer
10330,Lauren Perdue
10366,Heiko Meyer
10366,Jan Hempel
10413,Simon Cho
10413,J. R. Celski
10413,Travis Jayner
10413,Jordan Malone
10413,Apolo Anton Ohno
10437,Eileen Hiscock
10437,Violet Olney
10437,Barbara Burke
10437,Audrey Brown
10457,Susanne Glesnes
10457,Kathrine Maaseide
10491,Iryna Pamialova
10491,Volha Khudzenka
10491,Nadzeya Papok
10491,Maryna Pautaran
10492,Tamara Echegoyen
10492,Ángela Pumariega
10492,Sofía Toro
10548,Aaron Peirsol
10548,Brendan Hansen
10548,Michael Phelps
10548,Ian Crocker
10548,Mark Gangloff
10548,Garrett Weber-Gale
10548,Jason Lezak
10548,Matt Grevers
10555,Marco Galiazzo
10555,Mauro Nespoli
10555,Ilario di Buo
10591,Mark Lewis-Francis
10591,Darren Campbell
10591,Marlon Devonish
10591,Jason Gardener
10592,Xue Haifeng
10592,Li Wenquan
10592,Jiang Lin
10595,Liane Fenwick
10595,Anita Spring
10601,Zhang Yanquan
10601,Cao Yuan
10625,Émilie Heymans
10625,Blythe Hartley
10688,Ma Jin
10688,Xu Chen
10692,Ivan Garcia Navarro
10692,Germán Sánchez
10696,Deb Richardson
10696,Gail Castro Kehl
10726,Jasmine Glaesser
10726,Tara Whitten
10726,Gillian Carleton
10732,Sascha Klein
10732,Patrick Hausding
10753,Kerri Pottharst
10753,Natalie Cook
10755,Monica Rodrigues
10755,Adriana Samuel
10756,Gleb Galperin
10756,Dmitriy Dobroskok
10803,Consuelo Turetta
10803,Annamaria Solazzi
10821,David Boudia
10821,Nick McCrory
10823,Patrick Sweeney
10823,Andy Holmes
10823,Steve Redgrave
10832,Velia Eguiluz
10832,Mayra Huerta
10836,Danja Müsch
10836,Beate Bühler
10900,Sandra Pires
10900,Jackie Silva
10907,John B. Kelly
10907, Sr.
10937,Michele Frangilli
10937,Mauro Nespoli
10937,Marco Galiazzo
10953,Park Kyung-mo
10953,Im Dong-hyun
10953,Lee Chang-hwan
10963,Dragan Mladenovi?
10963,Veselin Vukovi?
10963,Pavle Jurina
10963,Slobodan Kuzmanovski
10963,Branko Štrbac
10963,Zdravko Ra?enovi?
10963,Mirko Baši?
10963,Veselin Vujovi?
10963,Jovica Elezovi?
10963,Milan Kalina
10963,Zlatan Arnautovi?
10963,Zdravko Zovko
10963,Momir Rni?
10963,Mile Isakovi?
10998,Sebastian Coe
10998, Baron Coe
11016,Kim Bub-Min
11016,Im Dong-hyun
11016,Oh Jinhyek
11033,Jennifer Kessy
11033,April Ross
11049,Takuro Fujii
11049,Kosuke Kitajima
11049,Hisayoshi Sato
11049,Junichi Miyashita
11050,Martin Putze
11050,Alexander Rödiger
11050,André Lange
11050,Kevin Kuske
11115,Linda Hanley
11115,Barbra Fontana
11116,Olusoji Fasuba
11116,Uchenna Emedolu
11116,Aaron Egbele
11116,Deji Aliu
11138,Holly McPeak
11138,Nancy Reno
11214,Peko Nakano
11214,Yuki Ishizaka
11240,Lascelles Brown
11240,Lyndon Rush
11240,David Bissett
11240,Chris le Bihan
11241,Eamon Sullivan
11241,Brenton Rickard
11241,Ashley Delaney
11241,Matt Targett
11241,Christian Sprenger
11241,Hayden Stoeckel
11241,Andrew Lauterstein
11241,Adam Pine
11262,Curtis Tomasevicz
11262,Steven Holcomb
11262,Steve Mesler
11262,Justin Olsen
11272,Laura Trott
11272,Joanna Rowsell
11272,Danielle King
11275,Margo Malowney
11275,Barb Broen Ouellette
11282,Jacob Wukie
11282,Brady Ellison
11282,Jake Kaminski
11319,Michael Roth
11319,Uwe Schwenker
11319,Ulrich Roth
11319,Arnulf Meffle
11319,Erhard Wunderlich
11319,Andreas Thiel
11319,Thomas Happe
11319,Rüdiger Neitzel
11319,Siegfried Roch
11319,Martin Schwalb
11319,Jochen Fraatz
11319,Dirk Rauin
11319,Klaus Wöller
11319,Thomas Springel
11319,Michael Paul
11321,Vera Ilyina
11321,Ioulia Pakhalina
11322,Yulia Koltunova
11322,Natalia Goncharova
11325,Debora Schoon-Kadijk
11325,Lisette van de Ven
11334,Guo Jingjing
11334,Wu Minxia
11337,Brigitte Lesage
11337,Anabelle Prawerman
11381,Tamsin Hinchley
11381,Natalie Cook
11433,Ragni Hestad
11433,Merita Berntsen
11443,Juliana Felisberta
11443,Larissa França
11449,Gary Hall
11449, Jr.
11479,Ting Li
11479,Lao Lishi
11481,Kerri Walsh
11481,Misty May-Treanor
11486,Chantelle Newbery
11486,Irina Lashko
11494,Katherine Grainger
11494,Anna Bebington
11503,Darvis Patton
11503,Maurice Greene
11503,Shawn Crawford
11503,Coby Miller
11503,Justin Gatlin
11506,Julia Michalska
11506,Magdalena Fularczyk
11508,Lin Yue
11508,Huo Liang
11517,Joachim Fischer Nielsen
11517,Christinna Pedersen
11521,Audrey Cooper
11521,Amanda Glover
11524,Zhang Nan
11524,Zhao Yunlei
11525,Brooke Pratley
11525,Kim Crow
11556,Steve Redgrave
11556,Matthew Pinsent
11567,Timy Yudhani Rahayu
11567,Eta Kaize
11574,Yukiko Takahashi
11574,Sachiko Fujita
11587,Neculai Vasilc?
11587,Gheorghe Dog?rescu
11587,Mircea Bedivan
11587,Alexandru Buligan
11587,Cornel Dur?u
11587,Vasile Oprea
11587,Alexandru Fölker
11587,Dumitru Berbece
11587,Maricel Voinea
11587,Marian Dumitru
11587,Gheorghe Covaciu
11587,Vasile Stîng?
11587,Nicolae Munteanu
11587,Adrian Simion
11587,Iosif Boro?
11607,Sarah Hammer
11607,Jennie Reed
11607,Dotsie Bausch
11607,Lauren Tamayo
11642,Javier Bosma
11642,Pablo Herrera
11643,Benjamin Insfran
11643,Marcio Araujo
11692,Andjelija Arbutina
11692,Razija Mujanovi?
11692,Vesna Bajkuša
11692,Polona Dornik
11692,Kornelija Kvesi?
11692,Sladjana Goli?
11692,Mara Laki?
11692,Stojna Vangelovska
11692,Bojana Miloševi?
11692,Danira Bili?
11692,Eleonora Wild
11692,Zana Lelas
11730,Aleksandr Belostennyi
11730,Alexander Volkov
11730,Valeri Tikhonenko
11730,Valeri Goborov
11730,Rimas Kurtinaitis
11730,Sergei Tarakanov
11730,Arvydas Sabonis
11730,Igors Miglinieks
11730,Viktor Pankrashkin
11730,Tiit Sokk
11730,Valdemaras Chomi?ius
11730,Šar?nas Mar?iulionis
11834,Valentina Vezzali
11834,Ilaria Salvatori
11834,Giovanna Trillini
11834,Margherita Granbassi
11835,Mariano Baracetti
11835,Martín Conde
11846,Luigi Tarantino
11846,Aldo Montano
11846,Giampiero Pastore
11846,Diego Occhiuzzi
11879,Stanislas Wawrinka
11879,Roger Federer
11881,Christoph Dieckmann
11881,Andreas Scheuerpflug
11882,Dax Holdren
11882,Stein Metzger
11883,Francisco Alvarez
11883,Juan Rossell
11896,Guo Jingjing
11896,Fu Mingxia
11915,Jonas Reckermann
11915,Markus Dieckmann
11985,Daniel Pauman
11985,David Toth
11985,Zoltán Kammerer
11985,Tamas Kulifai
12013,Patrick Heuscher
12013,Stefan Kobel
12015,Alba María Cabello
12015,Clara Basiana
12015,Thaïs Henríquez
12015,Paula Klamburg
12015,Andrea Fuentes
12015,Ona Carbonell
12015,Margalida Crespí
12015,Laia Pons
12015,Irene Montrucchio
12017,Charles D. Smith
12017,David Robinson
12017,Dan Majerle
12017,Willie Anderson
12017,Hersey Hawkins
12017,Stacey Augmon
12017,Charles E. Smith
12017,Mitch Richmond
12017,J.R. Reid
12017,Danny Manning
12017,Bimbo Coles
12017,Jeff Grayer
12081,Mark Williams
12081,Julien Prosser
12103,Colin Pocock
12103,Gershon Rorich
12128,Bob Bryan
12128,Mike Bryan
12153,Thanassis Michalopoulos
12153,Pavlos Beligratis
12155,Ramón Hernández
12155,Raul Papaleo
12156,Zoran ?utura
12156,Danko Cvjeti?anin
12156,Jure Zdovc
12156,Toni Kuko?
12156,Franjo Arapovi?
12156,Vlade Divac
12156,Dražen Petrovi?
12156,Dino Ra?a
12156,Stojko Vrankovi?
12156,Željko Obradovi?
12156,Zdravko Radulovi?
12156,Žarko Paspalj
12178,Martin Laciga
12178,Paul Laciga
12198,Jørre Kjemperud
12198,Vegard Høidalen
12199,Boris Sanson
12199,Nicolas Lopez
12199,Julien Pillet
12205,Emanuel Rego
12205,Ricardo Santos
12206,Valentina Vezzali
12206,Arianna Errigo
12206,Ilaria Salvatori
12206,Elisa Di Francisca
12208,Robert Nowotny
12208,Peter Gartmayer
12215,Kamie N. Mymouthie
12215,Cynthia Cooper
12215,Victoria Bullett
12215,Suzie McConnell Serio
12215,Jennifer Gillom
12215,Bridgette Gordon
12215,Cynthia Louise Brown
12215,Katrina McClain Johnson
12215,Teresa Weatherspoon
12215,Anne Donovan
12215,Teresa Edwards
12215,Andrea Lloyd-Curry
12245,Natalia Ishchenko
12245,Alexandra Patskevich
12245,Alla Shishkina
12245,Daria Korobova
12245,Elvira Khasyanova
12245,Anastasia Davydova
12245,Svetlana Romashina
12245,Maria Gromova
12245,Anzhelika Timanina
12247,Keeth Smart
12247,Tim Morehouse
12247,Jason Rogers
12247,James Leighman Williams
12248,Simon Dahl
12248,Björn Berg
12252,Jeon Hee-Sok
12252,Oh Ha-Na
12252,Jung Gil-Ok
12252,Nam Hyun-Hee
12281,Erinn Smart
12281,Emily Cross
12281,Hanna  Thompson
12285,Florian Gosch
12285,Nikolas Berger
12286,Jeff Nygaard
12286,Dain Blanton
12318,Andrew Schacht
12318,Joshua Slack
12352,Olga Yakovleva
12352,Galina Savitskaya
12352,Olga Zhevkova
12352,Irina Gerlits
12352,Irina Minkh
12352,Olessya Barel
12352,Vitalija Tuomaite
12352,Olga Buyakina
12352,Natalya Zasulskaya
12352,Aleksandra Leonova
12352,Elena Kudashova
12352,Irina Sumnikova
12429,João Brenha
12429,Miguel Maia
12443,Simon Aspelin
12443,Thomas Johansson
12446,Jacob Clear
12446,Murray Stewart
12446,David Smith
12446,Tate Smith
12450,George Nash
12450,William Satch
12451,Germain Chardin
12451,Dorian Mortelette
12454,Olena Zhupina
12454,Ganna Sorokina
12488,Ioulia Pakhalina
12488,Vera Ilyina
12516,Lukas Trefil
12516,Josef Dostál
12516,Daniel Havel
12516,Jan Št?rba
12517,Svetlana Boyko
12517,Aida Chanaeva
12517,Victoria Nikichina
12517,Evgenia Lamonova
12518,Kamilla Gafurzianova
12518,Inna Deriglazova
12518,Aida Chanaeva
12537,Iver Horrem
12537,Bjørn Maaseide
12540,Hamish Bond
12540,Eric Murray
12558,Mark Heese
12558,John Child
12594,Mathieu Hamel
12594,Stephane Canet
12625,Liu Ou
12625,Chen Xiaojun
12625,Wu Yiwen
12625,Chang Si
12625,Jiang Tingting
12625,Sun Wenyan
12625,Jiang Wenwen
12625,Luo Qian
12625,Huang Xuechen
12677,Bernhard Gruber
12677,Mario Stecher
12677,David Kreiner
12677,Felix Gottwald
12730,Anna Bebington
12730,Elise Laverick
12738,Hege Riise
12738,Reidun Seth
12738,Trine Tangeraas
12738,Tina Svensson
12738,Kjersti Thun
12738,Linda Medalen
12738,Heidi Støre
12738,Bente Nordby
12738,Nina Nymark Andersen
12738,Agnete Carlsen
12738,Tone Gunn Frustøl
12738,Tone Haugen
12738,Brit Sandaune
12738,Marianne Pettersen
12738,Anne Nymark Andersen
12738,Ann-Kristin Aarønes
12738,Gro Espeseth
12738,Merete Myklebust
12765,René Enders
12765,Stefan Nimke
12765,Maximilian Levy
12808,Emanuel Rego
12808,Alison Ceruti
12810,David Carnegie
12810, 11th Earl of Northesk
12821,André Lange
12821,Kevin Kuske
12830,?or?e ?uri?
12830,Rajko Jokanovi?
12830,Goran Vujevi?
12830,Vladimir Batez
12830,Vladimir Grbi?
12830,?ula Mešter
12830,Nikola Grbi?
12830,Žarko Petrovi?
12830,Slobodan Kova?
12830,Dejan Br?ovi?
12830,Andrija Geri?
12830,Željko Tanaskovi?
12856,Marc Kennedy
12856,John Morris Peake
12856,Adam Enright
12856,Kevin Martin
12856,Ben Hebert
12858,Lazaro Martín
12858,Ricardo Vantes
12858,Joel Despaigne
12858,Angel Beltrán
12858,Nicolas Vives
12858,Jhosvany Hernández
12858,Alexis Batle
12858,Fredy Brooks
12858,Raúl Diago
12858,Rodolfo Sanchez
12858,Alain Roca
12858,Osvaldo Hernández
12863,Mariusz Szyszko
12863,Robert Prygiel
12863,Krzystof Smigiel
12863,Andrzej Stelmach
12863,Marcin Andrzej Nowak
12863,Krzystof Janczak
12863,Krzystof Stelmach
12863,Leszek Urbanowicz
12863,Pawe? Zagumny
12863,Witold Roman
12863,Damian Dacewicz
12863,Piotr Gruszka
12902,Wang Mingxing
12902,He Jianping
12902,Chen Zhen
12902,Sun Xiulan
12902,Zhang Peijun
12902,Gao Xiumin
12902,Zhu Juefeng
12902,Wu Xingjiang
12902,Liu Liping
12902,Li Lan
12902,Zhang Weihong
12902,Wang Linwei
12902,Liu Yumei
12955,Jan Posthuma
12955,Guido Görtzen
12955,Peter Blangé
12955,Mike van de Goor
12955,Richard Schuil
12955,Bas van de Goor
12955,Henk-Jan Held
12955,Brecht Rodenburg
12955,Rob Grabert
12955,Olof van der Meulen
12955,Ron Zwerver
12955,Misha Latuhihin
12980,Zou Kai
12980,Li Xiaopeng
12980,Xiao Qin
12980,Yang Wei
12980,Xu Huang
12980,Chen Yibing
12985,Han Hwa-Soo
12985,Jeung Soon-Bok
12985,Kim Mi-Sook
12985,Lee Young-Ja
12985,Yoon Byung-Soon
12985,Kim Kyung-Soon
12985,Jeong Hyoi-Soon
12985,Sung Kyung-Hwa
12985,Lee Soon-Ei
12985,Kim Ok-Hwa
12985,Shon Mi-Na
12985,Yoon Soo-Kyung
12985,Kim Choon-Rye
13004,Carlos Weber
13004,Sebastian Jabif
13004,Guillermo Martínez
13004,Marcos Milinkovic
13004,Pablo Pereira
13004,Alejandro Romano
13004,Guillermo Quaini
13004,Fernando Borrero
13004,Eduardo Rodríguez
13004,Jorge Elgueta
13004,Sebastian Firpo
13004,Leonardo Maly
13009,Valerio Vermiglio
13009,Mirko Corsano
13009,Hristo Zlatanov
13009,Luigi Mastrangelo
13009,Emanuele Birarelli
13009,Alessandro Fei
13009,Mauro Gavotto
13009,Alessandro Paparoni
13009,Vigor Bovolenta
13009,Matteo Martino
13009,Marco Meoni
13009,Luca Cordano
13018,Briana Scurry
13018,Tiffeny Milbrett
13018,Mia Hamm
13018,Cindy Parlow
13018,Tiffany Roberts
13018,Shannon MacMillan
13018,Carla Overbeck
13018,Kristine Lilly
13018,Staci Wilson
13018,Julie Foudy
13018,Mary Harvey
13018,Tisha Venturini
13018,Michelle Akers
13018,Joy Fawcett
13018,Brandi Chastain
13018,Carin Jennings-Gabarra
13050,Ethan Watts
13050,Brett Winslow
13050,Lloy Ball
13050,Michael Lambert
13050,Scott Fortune
13050,Jeff Stork
13050,Bob Ctvrtlik
13050,Bryan Ivie
13050,John Hyden
13050,Tom Sorensen
13050,Dan Landry
13050,Jeff Nygaard
13051,Teodor Salparov
13051,Ivan Tassev
13051,Hristo Tsvetanov
13051,Boyan Yordanov
13051,Krasimir Gaydarski
13051,Evgeni Ivanov
13051,Plamen Konstantinov
13051,Todor Aleksiev
13051,Vladimir Nikolov
13051,Matey Kaziyski
13051,Kostadin Stoykov
13051,Andrey Zhekov
13072,Marko Samardži?
13072,Nikola Kova?evi?
13072,Andrija Geri?
13072,Vlado Petkovi?
13072,Saša Starovi?
13072,Dejan Bojovi?
13072,Bojan Jani?
13072,Nikola Grbi?
13072,Miloš Niki?
13072,Marko Podraš?anin
13072,Novica Bjelica
13072,Ivan Miljkovi?
13084,"Max Pereira
13084,Alexandre Samuel
13084,Gilson Bernardo
13084,Cassio Leandro Pereira
13084,Giovane Gavio
13084,Antônio Carlos Gouveia
13084,Marcelo Negrão
13084,Fabio ""Pinha"" Marcelino
13084,Carlos Schwanke
13084,Nalbert Betancourt
13084,Maurício Lima
13084,Paulo André Silva"
13085,Mohamed Gabal
13085,Saleh Youssef
13085,Ahmed Abdel Naeim
13085,Hossameldin Gomaa
13085,Wael Al-Aydy
13085,Hamdy Awad
13085,Abdel Latif Ahmed
13085,Mohamed Badawy
13085,Mohamed Seif Elnasr
13085,Mahmoud Abd El kader
13085,Abdalla Ahmed
13085,Ashraf Abouelhassan
13108,Storm Uru
13108,Peter Taylor
13111,Hans von Blixen-Finecke
13111, Jr.
13118,He Zi
13118,Wu Minxia
13120,Georgina Evers-Swindell
13120,Caroline Evers-Swindell
13136,Zac Purchase
13136,Mark Hunter
13141,Rasmus Quist
13141,Mads Rasmussen
13166,He Hanbin
13166,Yu Yang
13213,André Luiz da Silva Nascimento
13213,André Heller
13213,Giba
13213,Bruno Rezende
13213,Samuel Fuchs
13213,Dante Amaral
13213,Gustavo Endres
13213,Sérgio Dutra Santos
13213,Marcelo Elgarten
13213,Anderson Rodrigues
13213,Murilo Endres
13213,Rodrigo Santana
13230,Aleksey Ostapenko
13230,Alexey Verbov
13230,Aleksandr Volkov
13230,Maxim Mikhaylov
13230,Aleksandr Kosarev
13230,Semen Poltavskiy
13230,Aleksey Kuleshov
13230,Sergey Grankin
13230,Sergey Tetyukhin
13230,Vadim Khamuttskikh
13230,Aleksandr Korneev
13230,Yury Berezhko
13231,Scott Frandsen
13231,David Calder
13243,Oleg Chatounov
13243,Pavel Chichkin
13243,Igor Chulepov
13243,Sergey Tetyukhin
13243,Stanislav Dineikine
13243,Vadim Khamuttskikh
13243,Ruslan Olikhver
13243,Alexei Kazakov
13243,Valery Goryuchev
13243,Dmitry Fomin
13243,Konstantin Ushakov
13243,Sergey Orlenko
13245,Chris Hoy
13245,Jason Kenny
13245,Jamie Staff
13255,Nikolay Ivanov
13255,Petar Ouzounov
13255,Ludmil Naydenov
13255,Plamen Konstantinov
13255,Ivaylo Gavrilov
13255,Martin Stoev
13255,Lubomir Ganev
13255,Dimo Tonev
13255,Nayden Naydenov
13255,Yevgeni Ivanov
13255,Plamen Hristov
13255,Nikolay Jeliazkov
13264,Gao Hong
13264,Chen Yufeng
13264,Zhong Honglian
13264,Sun Qingmei
13264,Shui Qingxia
13264,Wei Haiying
13264,Shi Guihong
13264,Sun Wen
13264,Wang Liping
13264,Fan Yunjie
13264,Zhao Lihong
13264,Wen Lirong
13264,Yu Hongqi
13264,Xie Huilin
13264,Liu Ailing
13264,Liu Ying
13287,Shin Jung-Sub
13287,Ha Jong-Hwa
13287,Lee Sung-Hee
13287,Kim Sang-Woo
13287,Im Do-Hun
13287,Shin Young-Chul
13287,Choi Cheon-Sik
13287,Shin Jin-Sik
13287,Park Hee-Sang
13287,Park Sun-Chool
13287,Bang Sin-Bong
13287,Kim Se-Jin
13290,Ren Qi
13290,Jiao Shuai
13290,Yuan Zhi
13290,Shi Hairong
13290,Yu Dawei
13290,Shen Qiong
13290,Sui Shengsheng
13290,Guo Peng
13290,Cui Jianjun
13290,Fang Yingchao
13290,Jiang Fudong
13290,Bian Hongmin
13311,Kévin Sireau
13311,Arnaud Tournant
13311,Grégory Bauge
13374,Mirjana Ognjenovi?
13374,Zorica Pavi?evi?
13374,Emilija Er?i?
13374,Jasna Kolar-Merdan
13374,Biserka Višnji?
13374,Mirjana ?urica
13374,Ljubinka Jankovi?
13374,Jasna Ptujec
13374,Slavica ?uki?
13374,Svetlana Daši?-Kiti?
13374,Ljiljana Mugoša
13374,Svetlana Mugoša-Anti?
13374,Dragica ?uri?
13374,Svetlana Anastasovska
13374,Alenka Cuderman
13403,Takuya Nakase
13403,Takehiro Kashima
13403,Koki Sakamoto
13403,Hiroyuki Tomita
13403,Makoto Okiguchi
13403,Kohei Uchimura
13444,Piotr Gruszka
13444,Marcin Mo?d?onek
13444,?ukasz Kadziewicz
13444,Mariusz Wlaz?y
13444,Daniel Pli?ski
13444,Krzysztof Gierczy?ski
13444,Pawe? Zagumny
13444,Marcin Wika
13444,Sebastian ?widerski
13444,Krzysztof Ignaczak
13444,Pawe? Woicki
13444,Micha? Winiarski
13447,Mohamed Baghdadi
13447,Tarak Aouni
13447,Riadh Hedhili
13447,Atef Loukil
13447,Majdi Toumi
13447,Ghazi Koubba
13447,Ghazi Guidara
13447,Hichem Ben Romdhane
13447,Riadh Ghandri
13447,Nouredding Hfaiedh
13447,Faycal Ben Amara
13447,Khaled Belaïd
13458,Björn Kircheisen
13458,Johannes Rydzek
13458,Tino Edelmann
13458,Eric Frenzel
13464,Julius Brink
13464,Jonas Reckermann
13485,Lee Yong-dae
13485,Lee Hyo-jung
13513,Jochen Schöps
13513,Björn Andrae
13513,Marcus Böhme
13513,Frank Dehne
13513,Simon Tischer
13513,Ralph Bergmann
13513,Stefan Hübner
13513,Mark Siebeck
13513,Thomas Kröger
13513,Christian Pampel
13513,Robert Kromm
13513,Marcus Popp
13514,Joey Hagerty
13514,Kai Wen Tan
13514,Alexander Artemev
13514,Raj Bhavsar
13514,Justin Spring
13514,Jonathan Horton
13543,Kingsley Obiekwu
13543,Uche Okechukwu
13543,Victor Ikpeba
13543,Celestine Babayaro
13543,Emmanuel Amuneke
13543,Wilson Oruma
13543,Taribo West
13543,Daniel Amokachi
13543,Jay-Jay Okocha
13543,Tijjani Babangida
13543,Emmanuel Babayaro
13543,Abiodun Obafemi
13543,Garba Lawal
13543,Teslim Fatusi
13543,Dosu Joseph
13543,Sunday Oliseh
13543,Mobi Oparaku
13543,Nwankwo Kanu
13544,Jennifer Abel
13544,Émilie Heymans
13555,M?rti?š P?avi?š
13555,J?nis Šm?di?š
13558,David Lee
13558,Tom Hoff
13558,Richard Lambourne
13558,Ryan Millar
13558,Reid Priddy
13558,Lloy Ball
13558,Gabe Gardner
13558,Riley Salmon
13558,Scott Touzinsky
13558,Kevin Hansen
13558,Sean Rooney
13558,Clay Stanley
13574,Abigail Johnston
13574,Kelci Bryant
13604,Jan Hauser
13604,Ralph Stöckli
13604,Markus Eggler
13604,Toni Mueller
13604,Simon Strübin
13605,Christoffer Svae
13605,Håvard Vad Petersson
13605,Thomas Loevold
13605,Torger Nergård
13605,Thomas Ulsrud
13606,Alexandre Zoubkov
13606,Alexey Voevoda
13607,Todd Lodwick
13607,Johnny Spillane
13607,Bill Demong
13607,Brett Camerota
13615,Paolo Tofoli
13615,Lorenzo Bernardi
13615,Marco Meoni
13615,Vigor Bovolenta
13615,Marco Bracci
13615,Luca Cantagalli
13615,Andrea Gardini
13615,Andrea Sartoretti
13615,Samuele Papi
13615,Pasquale Gravina
13615,Andrea Giani
13615,Andrea Zorzi
13637,Narciso dos Santos
13637,Alexandre da Silva Mariano
13637,Marcelinho Paulista
13637,Zé Elias
13637,André Luiz Moreira
13637,Bebeto
13637,Luiz Carlos Bombonato Goulart
13637,Roberto Carlos da Silva
13637,Rivaldo
13637,Ronaldo Guiaro
13637,Nelson de Jesus Silva
13637,José Marcelo Ferreira
13637,Aldair
13637,Flávio Conceição
13637,Ronaldo
13637,Juninho Paulista
13637,Danrlei
13637,Sávio
13646,Roberto Néstor Sensini
13646,Diego Simeone
13646,Carlos Bossio
13646,Hernán Crespo
13646,Claudio López
13646,Christian Bassedas
13646,Pablo Paz
13646,Héctor Pineda
13646,Javier Zanetti
13646,José Chamot
13646,Hugo Morales
13646,Marcelo Gallardo
13646,Ariel Ortega
13646,Roberto Ayala
13646,Matías Almeyda
13646,Marcelo Delgado
13646,Gustavo López
13646,Pablo Cavallero
13657,Thomas Florschuetz
13657,Richard Adjei
13662,Stanley Joseph Dziedzic
13662, Jr.
13726,Julia Richter
13726,Britta Oppelt
13726,Annekatrin Thiele
13726,Carina Bär
13742,Brittany Elmslie
13742,Leisel Jones
13742,Melanie Schlanger
13742,Alicia Coutts
13742,Emily Seebohm
13751,Yana Dementieva
13751,Anastasiia Kozhenkova
13751,Nataliya Dovgodko
13751,Kateryna Tarasenko
13753,Mikhail Ignatiev
13753,Alexei Markov
13760,Gary Hall
13760, Jr.
13793,Carsten Mogensen
13793,Mathias Boe
13794,Nathan Outteridge
13794,Iain Jensen
13797,Alexey Verbov
13797,Alexei Kazakov
13797,Stanislav Dineykin
13797,Konstantin Ushakov
13797,Vadim Khamuttskikh
13797,Sergey Tetyukhin
13797,Andrey Egorchev
13797,Pavel Abramov
13797,Aleksey Kuleshov
13797,Sergei Baranov
13797,Taras Khtey
13810,Chen Ruolin
13810,Wang Hao
13823,Dmitriy Ilinykh
13823,Dmitriy Muserskiy
13823,Sergey Tetyukhin
13823,Maxim Mikhaylov
13823,Taras Khtey
13823,Aleksandr Volkov
13823,Yury Berezhko
13823,Alexey Obmochaev
13823,Alexander Sokolov
13823,Nikolay Apalikov
13823,Alexander Butko
13823,Sergey Grankin
13832,Walter Fernando Perez
13832,Juan Curuchet
13869,Didier Dinart
13869,Guillaume Joli
13869,Samuel Honrubia
13869,Bertrand Gille
13869,Xavier Barachet
13869,Jérôme Fernandez
13869,Nikola Karabati?
13869,Cédric Sorhaindo
13869,Daniel Narcisse
13869,Guillaume Gille
13869,Daouda Karaboué
13869,William Accambray
13869,Thierry Omeyer
13869,Luc Abalo
13869,Michaël Guigou
13878,Georgios Stefanou
13878,Theodoros Chatziantoniou
13878,Marios Giourdas
13878,Konstantinos Christofidelis
13878,Vasileios Kournetas
13878,Tontor-Zlatko Baev
13878,Konstantinos Prousalis
13878,Nikolaos Roumeliotis
13878,Andrej Kravarik
13878,Ilias Lappas
13878,Sotirios Pantaleon
13878,Antonios Tsakiropoulos
13879,André Luiz da Silva Nascimento
13879,Gustavo Endres
13879,André Heller
13879,Giba
13879,Giovane Gavio
13879,Rodrigo Santana
13879,Anderson Rodrigues
13879,Sérgio Dutra Santos
13879,Ricardo Garcia
13879,Maurício Lima
13879,Dante Amaral
13879,Nalbert Betancourt
13929,Ivano Bali?
13929,Jakov Gojun
13929,Denis Bunti?
13929,Marko Kopljar
13929,Damir Bi?ani?
13929,Drago Vukovi?
13929,Venio Losert
13929,Ivan ?upi?
13929,Manuel Štrlek
13929,Ivan Nin?evi?
13929,Igor Vori
13929,Domagoj Duvnjak
13929,Mirko Alilovi?
13929,Blaženko Lackovi?
13929,Zlatko Horvat
13946,Lucious Jackson
13946,George Wilson
13946,Richard Allen Davies
13946,Jeff Mullins
13946,Jerry Shipp
13946,Larry Brown
13946,Bill Bradley
13946,Jim Barnes
13946,Walt Hazzard
13946,Joe Caldwell
13946,John Paul McCaffrey
13946,Mel Counts
13972,Lee Yong-dae
13972,Jung Jae-sung
13973,Karoliina Rantamäki
13973,Emma Laaksonen
13977,Andrija Geri?
13977,Milan Markovi?
13977,Nikola Grbi?
13977,?ula Mešter
13977,Vasa Miji?
13977,Vladan Djordjevi?
13977,Goran Vujevi?
13977,Aleksandar Mitrovi?
13977,Milan Vasi?
13977,Ivan Ili?
13977,Vladimir Grbi?
13977,Ivan Miljkovi?
13980,Elise Rechichi
13980,Tessa Parkinson
13995,Simone Parodi
13995,Andrea Giovi
13995,Luigi Mastrangelo
13995,Dragan Travica
13995,Alessandro Fei
13995,Emanuele Birarelli
13995,Ivan Zaytsev
13995,Dante Boninfante
13995,Andrea Bari
13995,Cristian Savani
13995,Michal Lasko
13995,Samuele Papi
14025,Patrick Powers
14025,Dusty Dvorak
14025,Steven Salmons
14025,Aldis Berzins
14025,Chris Marlowe
14025,Dave Saunders
14025,Craig Buck
14025,Paul Sunderland
14025,Marc Waldie
14025,Karch Kiraly
14025,Steve Timmons
14026,Hosni Karamosly
14026,Samir Sellami
14026,Noureddine Hfaiedh
14026,Mehrez Berriri
14026,Ghazi Guidara
14026,Mohamed Slim Chekili
14026,Marouane Fehri
14026,Chaker Ghezal
14026,Walid Ben Abbes
14026,Khaled Belaïd
14026,Mehdi Gara
14026,Mohamed Trabelsi
14027,Rob Bontje
14027,Reinder Nummerdor
14027,Nico Freriks
14027,Kay van Dijk
14027,Richard Schuil
14027,Mike van de Goor
14027,Marko Klok
14027,Robert Horstink
14027,Jeroen Trommel
14027,Dirk-Jan van Gendt
14027,Guido Görtzen
14027,Albert Cristina
14049,Cai Yun
14049,Fu Haifeng
14050,Rebecca Soni
14050,Jessica Hardy
14050,Allison Schmitt
14050,Breeja Larson
14050,Claire Donahue
14050,Missy Franklin
14050,Dana Vollmer
14050,Eric Shanteau
14050,Rachel Bootsma
14051,Louis Smith
14051,Max Whitlock
14051,Sam Oldham
14051,Kristian Thomas
14051,Daniel Purvis
14060,Roseline Filion
14060,Meaghan Benfeito
14061,Rodrigo Santana
14061,Leandro Vissotto Neves
14061,Thiago Alves
14061,Murilo Endres
14061,Dante Amaral
14061,Sidnei Santos Junior
14061,Ricardo Garcia
14061,Wallace de Souza
14061,Giba
14061,Bruno Rezende
14061,Lucas Saatkamp
14061,Sergio Santos
14071,Kara Kohler
14071,Adrienne Martelli
14071,Megan Kalmoe
14071,Natalie Dell
14085,Tomasz Wa?doch
14085,Marek Bajor
14085,Marek Ko?mi?ski
14085,Grzegorz Mielcarski
14085,Dariusz G?sior
14085,Jerzy Brz?czek
14085,Marcin Ja?ocha
14085,Ryszard Staniek
14085,Aleksander Klak
14085,Piotr ?wierczewski
14085,Arkadiusz Onyszko
14085,Wojciech Kowalczyk
14085,Miros?aw Waligóra
14085,Tomasz Lapinski
14085,Tomasz Wieszczycki
14085,Dariusz Adamczuk
14085,Andrzej Kobyla?ski
14085,Andrzej Juskowiak
14085,Dariusz Szubert
14085,Dariusz Kosela
14087,Fernanda Oliveira
14087,Isabel Swan
14142,Satomi Suzuki
14142,Aya Terakawa
14142,Haruka Ueda
14142,Yuka Kato
14155,Clay Stanley
14155,Reid Priddy
14155,Ryan Millar
14155,Brook Billings
14155,Tom Hoff
14155,Kevin Barnett
14155,Riley Salmon
14155,Lloy Ball
14155,Gabe Gardner
14155,Phillip Eatherton
14155,Donald Suxho
14155,Erik Sullivan
14160,Peter Burling
14160,Blair Tuke
14165,Loïc De Kergret
14165,Stéphane Antiga
14165,Hubert Henno
14165,Laurent Capet
14165,Frantz Granvorka
14165,Mathias Patin
14165,Sébastien Frangolacci
14165,Guillaume Samica
14165,Philippe Barça-Cysique
14165,Vincent Montméat
14165,Oliver Kieffer
14165,Dominique Daquin
14178,Gary Hall
14178, Jr.
14188,Travis Moran
14188,Zane Christensen
14188,Luke Campbell
14188,Hidde Van Beest
14188,Matthew Young
14188,David Ferguson
14188,Benjamin Hardy
14188,Andrew Earl
14188,David Beard
14188,Grant Sorensen
14188,Dan Howard
14188,Brett Alderman
14241,Paolo Cozzi
14241,Andrea Giani
14241,Samuele Papi
14241,Luigi Mastrangelo
14241,Alessandro Fei
14241,Matej Cernic
14241,Damiano Pippi
14241,Valerio Vermiglio
14241,Andrea Sartoretti
14241,Venceslav Simeonov
14241,Alberto Cisolla
14243,Zou Kai
14243,Chen Yibing
14243,Weiyang Guo
14243,Zhang Chenglong
14243,Feng Zhe
14303,Richard Sanders
14303, Olympic Wrestler
14318,Alejandra Orozco Loza
14318,Paola Espinosa
14325,?ukasz Kadziewicz
14325,Arkadiusz Go?a?
14325,Dawid Murek
14325,Andrzej Stelmach
14325,Piotr Gabrych
14325,Pawe? Zagumny
14325,Micha? B?kiewicz
14325,Rados?aw Rybak
14325,Sebastian ?widerski
14325,Krzysztof Ignaczak
14325,Robert Szczerbaniuk
14325,Piotr Gruszka
14369,Mattias Zakrisson
14369,Fredrik Petersen
14369,Johan Sjöstrand
14369,Kim Ekdahl du Rietz
14369,Jonas Larholm
14369,Tobias Karlsson
14369,Andreas Nilsson
14369,Magnus Jernemyr
14369,Niclas Ekberg
14369,Kim Andersson
14369,Johan Jakobsson
14369,Jonas Källman
14369,Dalibor Doder
14369,Mattias Andersson
14371,Peter Lang
14371,Allan Norregaard
14373,Tony Tauler
14373,Joan Llaneras
14413,Kazuhito Tanaka
14413,Kohei Uchimura
14413,Yusuke Tanaka
14413,Ryohei Kato
14413,Koji Yamamuro
14452,Marcelien de Koning
14452,Lobke Berkhout
14462,Jorge Elgueta
14462,Gaston Giani
14462,Marcos Milinkovic
14462,Alejandro Spajic
14462,Leonardo Patti
14462,Gustavo Porporatto
14462,Hernán Ferraro
14462,Pablo Peralta
14462,Diego Gutiérrez
14462,Santiago Darraidou
14462,Pablo Meana
14462,Jerónimo Bidegain
14481,Joachin Yaw Acheampong
14481,Alex Nyarko
14481,Simon Addo
14481,Sammi Adjei
14481,Samuel Kumah
14481,Maxwell Konadu
14481,Mohammed Dramani Kalilu
14481,Samuel Kuffour
14481,Frank Amankwah
14481,Nii Lamptey
14481,Shamo Quaye
14481,Yaw Preko
14481,Ibrahim Dossey
14481,Oli Rahman
14481,Bernard Aryee
14481,Mohammed Gargo
14481,Isaac Asare
14481,Anthony Mensah
14481,Kwame Ayew
14481,Mamood Amadu
